18,-15,5DE6NfP7PY02i9HYajBxf4cGTpI=,uz4hGp+JRNW5Xg2pY1OQe6OOPmI=
17,-15,5DE6NfP7PY02i9HYajBxf4cGTpI=,uz4hGp+JRNW5Xg2pY1OQe6OOPmI=
16,-12,5DE6NfP7PY02i9HYajBxf4cGTpI=,uz4hGp+JRNW5Xg2pY1OQe6OOPmI=
18,-9,5DE6NfP7PY02i9HYajBxf4cGTpI=,uz4hGp+JRNW5Xg2pY1OQe6OOPmI=
18,-12,5DE6NfP7PY02i9HYajBxf4cGTpI=,uz4hGp+JRNW5Xg2pY1OQe6OOPmI=
18,-6,5DE6NfP7PY02i9HYajBxf4cGTpI=,uz4hGp+JRNW5Xg2pY1OQe6OOPmI=
18,-13,5DE6NfP7PY02i9HYajBxf4cGTpI=,uz4hGp+JRNW5Xg2pY1OQe6OOPmI=
18,-10,5DE6NfP7PY02i9HYajBxf4cGTpI=,uz4hGp+JRNW5Xg2pY1OQe6OOPmI=
17,-9,5DE6NfP7PY02i9HYajBxf4cGTpI=,uz4hGp+JRNW5Xg2pY1OQe6OOPmI=
18,-7,5DE6NfP7PY02i9HYajBxf4cGTpI=,uz4hGp+JRNW5Xg2pY1OQe6OOPmI=
17,-13,5DE6NfP7PY02i9HYajBxf4cGTpI=,uz4hGp+JRNW5Xg2pY1OQe6OOPmI=
17,-10,5DE6NfP7PY02i9HYajBxf4cGTpI=,uz4hGp+JRNW5Xg2pY1OQe6OOPmI=
17,-12,5DE6NfP7PY02i9HYajBxf4cGTpI=,uz4hGp+JRNW5Xg2pY1OQe6OOPmI=
17,-6,5DE6NfP7PY02i9HYajBxf4cGTpI=,uz4hGp+JRNW5Xg2pY1OQe6OOPmI=
16,-9,5DE6NfP7PY02i9HYajBxf4cGTpI=,uz4hGp+JRNW5Xg2pY1OQe6OOPmI=
18,-3,5DE6NfP7PY02i9HYajBxf4cGTpI=,uz4hGp+JRNW5Xg2pY1OQe6OOPmI=
18,-2,5DE6NfP7PY02i9HYajBxf4cGTpI=,uz4hGp+JRNW5Xg2pY1OQe6OOPmI=
16,-6,5DE6NfP7PY02i9HYajBxf4cGTpI=,uz4hGp+JRNW5Xg2pY1OQe6OOPmI=
16,-5,5DE6NfP7PY02i9HYajBxf4cGTpI=,uz4hGp+JRNW5Xg2pY1OQe6OOPmI=
16,-7,5DE6NfP7PY02i9HYajBxf4cGTpI=,uz4hGp+JRNW5Xg2pY1OQe6OOPmI=
16,-13,5DE6NfP7PY02i9HYajBxf4cGTpI=,uz4hGp+JRNW5Xg2pY1OQe6OOPmI=
17,-3,5DE6NfP7PY02i9HYajBxf4cGTpI=,uz4hGp+JRNW5Xg2pY1OQe6OOPmI=
16,-1,5DE6NfP7PY02i9HYajBxf4cGTpI=,uz4hGp+JRNW5Xg2pY1OQe6OOPmI=
18,-11,5DE6NfP7PY02i9HYajBxf4cGTpI=,uz4hGp+JRNW5Xg2pY1OQe6OOPmI=
17,-1,5DE6NfP7PY02i9HYajBxf4cGTpI=,uz4hGp+JRNW5Xg2pY1OQe6OOPmI=
18,-4,5DE6NfP7PY02i9HYajBxf4cGTpI=,uz4hGp+JRNW5Xg2pY1OQe6OOPmI=
18,-1,5DE6NfP7PY02i9HYajBxf4cGTpI=,uz4hGp+JRNW5Xg2pY1OQe6OOPmI=
16,-2,5DE6NfP7PY02i9HYajBxf4cGTpI=,uz4hGp+JRNW5Xg2pY1OQe6OOPmI=
17,-14,5DE6NfP7PY02i9HYajBxf4cGTpI=,uz4hGp+JRNW5Xg2pY1OQe6OOPmI=
16,-8,5DE6NfP7PY02i9HYajBxf4cGTpI=,uz4hGp+JRNW5Xg2pY1OQe6OOPmI=
18,-8,5DE6NfP7PY02i9HYajBxf4cGTpI=,uz4hGp+JRNW5Xg2pY1OQe6OOPmI=
17,-2,5DE6NfP7PY02i9HYajBxf4cGTpI=,uz4hGp+JRNW5Xg2pY1OQe6OOPmI=
18,-16,5DE6NfP7PY02i9HYajBxf4cGTpI=,uz4hGp+JRNW5Xg2pY1OQe6OOPmI=
16,-3,5DE6NfP7PY02i9HYajBxf4cGTpI=,uz4hGp+JRNW5Xg2pY1OQe6OOPmI=
16,-4,5DE6NfP7PY02i9HYajBxf4cGTpI=,uz4hGp+JRNW5Xg2pY1OQe6OOPmI=
17,-4,5DE6NfP7PY02i9HYajBxf4cGTpI=,uz4hGp+JRNW5Xg2pY1OQe6OOPmI=
17,-16,5DE6NfP7PY02i9HYajBxf4cGTpI=,uz4hGp+JRNW5Xg2pY1OQe6OOPmI=
18,-14,5DE6NfP7PY02i9HYajBxf4cGTpI=,uz4hGp+JRNW5Xg2pY1OQe6OOPmI=
16,-15,5DE6NfP7PY02i9HYajBxf4cGTpI=,uz4hGp+JRNW5Xg2pY1OQe6OOPmI=
17,-8,5DE6NfP7PY02i9HYajBxf4cGTpI=,uz4hGp+JRNW5Xg2pY1OQe6OOPmI=
17,-7,5DE6NfP7PY02i9HYajBxf4cGTpI=,uz4hGp+JRNW5Xg2pY1OQe6OOPmI=
18,-5,5DE6NfP7PY02i9HYajBxf4cGTpI=,uz4hGp+JRNW5Xg2pY1OQe6OOPmI=
17,-11,5DE6NfP7PY02i9HYajBxf4cGTpI=,uz4hGp+JRNW5Xg2pY1OQe6OOPmI=
16,-10,5DE6NfP7PY02i9HYajBxf4cGTpI=,uz4hGp+JRNW5Xg2pY1OQe6OOPmI=
16,-11,5DE6NfP7PY02i9HYajBxf4cGTpI=,uz4hGp+JRNW5Xg2pY1OQe6OOPmI=
16,-16,5DE6NfP7PY02i9HYajBxf4cGTpI=,uz4hGp+JRNW5Xg2pY1OQe6OOPmI=
17,-5,5DE6NfP7PY02i9HYajBxf4cGTpI=,uz4hGp+JRNW5Xg2pY1OQe6OOPmI=
16,-14,5DE6NfP7PY02i9HYajBxf4cGTpI=,uz4hGp+JRNW5Xg2pY1OQe6OOPmI=
18,-24,crHdoSumWCfZwWYYHlbf9dhlylo=,uz4hGp+JRNW5Xg2pY1OQe6OOPmI=
17,-19,crHdoSumWCfZwWYYHlbf9dhlylo=,uz4hGp+JRNW5Xg2pY1OQe6OOPmI=
18,-23,crHdoSumWCfZwWYYHlbf9dhlylo=,uz4hGp+JRNW5Xg2pY1OQe6OOPmI=
18,-19,crHdoSumWCfZwWYYHlbf9dhlylo=,uz4hGp+JRNW5Xg2pY1OQe6OOPmI=
18,-22,crHdoSumWCfZwWYYHlbf9dhlylo=,uz4hGp+JRNW5Xg2pY1OQe6OOPmI=
17,-24,crHdoSumWCfZwWYYHlbf9dhlylo=,uz4hGp+JRNW5Xg2pY1OQe6OOPmI=
16,-19,crHdoSumWCfZwWYYHlbf9dhlylo=,uz4hGp+JRNW5Xg2pY1OQe6OOPmI=
16,-21,crHdoSumWCfZwWYYHlbf9dhlylo=,uz4hGp+JRNW5Xg2pY1OQe6OOPmI=
17,-22,crHdoSumWCfZwWYYHlbf9dhlylo=,uz4hGp+JRNW5Xg2pY1OQe6OOPmI=
16,-22,crHdoSumWCfZwWYYHlbf9dhlylo=,uz4hGp+JRNW5Xg2pY1OQe6OOPmI=
17,-21,crHdoSumWCfZwWYYHlbf9dhlylo=,uz4hGp+JRNW5Xg2pY1OQe6OOPmI=
18,-21,crHdoSumWCfZwWYYHlbf9dhlylo=,uz4hGp+JRNW5Xg2pY1OQe6OOPmI=
17,-23,crHdoSumWCfZwWYYHlbf9dhlylo=,uz4hGp+JRNW5Xg2pY1OQe6OOPmI=
18,-18,crHdoSumWCfZwWYYHlbf9dhlylo=,uz4hGp+JRNW5Xg2pY1OQe6OOPmI=
16,-18,crHdoSumWCfZwWYYHlbf9dhlylo=,uz4hGp+JRNW5Xg2pY1OQe6OOPmI=
18,-17,crHdoSumWCfZwWYYHlbf9dhlylo=,uz4hGp+JRNW5Xg2pY1OQe6OOPmI=
17,-20,crHdoSumWCfZwWYYHlbf9dhlylo=,uz4hGp+JRNW5Xg2pY1OQe6OOPmI=
18,-30,crHdoSumWCfZwWYYHlbf9dhlylo=,uz4hGp+JRNW5Xg2pY1OQe6OOPmI=
18,-20,crHdoSumWCfZwWYYHlbf9dhlylo=,uz4hGp+JRNW5Xg2pY1OQe6OOPmI=
16,-20,crHdoSumWCfZwWYYHlbf9dhlylo=,uz4hGp+JRNW5Xg2pY1OQe6OOPmI=
16,-30,crHdoSumWCfZwWYYHlbf9dhlylo=,uz4hGp+JRNW5Xg2pY1OQe6OOPmI=
17,-29,crHdoSumWCfZwWYYHlbf9dhlylo=,uz4hGp+JRNW5Xg2pY1OQe6OOPmI=
16,-17,crHdoSumWCfZwWYYHlbf9dhlylo=,uz4hGp+JRNW5Xg2pY1OQe6OOPmI=
16,-31,crHdoSumWCfZwWYYHlbf9dhlylo=,uz4hGp+JRNW5Xg2pY1OQe6OOPmI=
18,-29,crHdoSumWCfZwWYYHlbf9dhlylo=,uz4hGp+JRNW5Xg2pY1OQe6OOPmI=
16,-29,crHdoSumWCfZwWYYHlbf9dhlylo=,uz4hGp+JRNW5Xg2pY1OQe6OOPmI=
16,-24,crHdoSumWCfZwWYYHlbf9dhlylo=,uz4hGp+JRNW5Xg2pY1OQe6OOPmI=
18,-28,crHdoSumWCfZwWYYHlbf9dhlylo=,uz4hGp+JRNW5Xg2pY1OQe6OOPmI=
18,-31,crHdoSumWCfZwWYYHlbf9dhlylo=,uz4hGp+JRNW5Xg2pY1OQe6OOPmI=
17,-17,crHdoSumWCfZwWYYHlbf9dhlylo=,uz4hGp+JRNW5Xg2pY1OQe6OOPmI=
16,-23,crHdoSumWCfZwWYYHlbf9dhlylo=,uz4hGp+JRNW5Xg2pY1OQe6OOPmI=
17,-28,crHdoSumWCfZwWYYHlbf9dhlylo=,uz4hGp+JRNW5Xg2pY1OQe6OOPmI=
18,-27,crHdoSumWCfZwWYYHlbf9dhlylo=,uz4hGp+JRNW5Xg2pY1OQe6OOPmI=
18,-26,crHdoSumWCfZwWYYHlbf9dhlylo=,uz4hGp+JRNW5Xg2pY1OQe6OOPmI=
16,-27,crHdoSumWCfZwWYYHlbf9dhlylo=,uz4hGp+JRNW5Xg2pY1OQe6OOPmI=
17,-27,crHdoSumWCfZwWYYHlbf9dhlylo=,uz4hGp+JRNW5Xg2pY1OQe6OOPmI=
17,-18,crHdoSumWCfZwWYYHlbf9dhlylo=,uz4hGp+JRNW5Xg2pY1OQe6OOPmI=
18,-25,crHdoSumWCfZwWYYHlbf9dhlylo=,uz4hGp+JRNW5Xg2pY1OQe6OOPmI=
16,-28,crHdoSumWCfZwWYYHlbf9dhlylo=,uz4hGp+JRNW5Xg2pY1OQe6OOPmI=
17,-25,crHdoSumWCfZwWYYHlbf9dhlylo=,uz4hGp+JRNW5Xg2pY1OQe6OOPmI=
17,-30,crHdoSumWCfZwWYYHlbf9dhlylo=,uz4hGp+JRNW5Xg2pY1OQe6OOPmI=
16,-26,crHdoSumWCfZwWYYHlbf9dhlylo=,uz4hGp+JRNW5Xg2pY1OQe6OOPmI=
16,-25,crHdoSumWCfZwWYYHlbf9dhlylo=,uz4hGp+JRNW5Xg2pY1OQe6OOPmI=
17,-26,crHdoSumWCfZwWYYHlbf9dhlylo=,uz4hGp+JRNW5Xg2pY1OQe6OOPmI=
17,-31,crHdoSumWCfZwWYYHlbf9dhlylo=,uz4hGp+JRNW5Xg2pY1OQe6OOPmI=
6,-30,O0GQRmjKsyBmyspnbRFAG+z73Qo=,VcJlRsbvMpDTlTpNgJ4BJ8Qq0SE=
4,-31,O0GQRmjKsyBmyspnbRFAG+z73Qo=,VcJlRsbvMpDTlTpNgJ4BJ8Qq0SE=
3,-29,O0GQRmjKsyBmyspnbRFAG+z73Qo=,VcJlRsbvMpDTlTpNgJ4BJ8Qq0SE=
7,-30,O0GQRmjKsyBmyspnbRFAG+z73Qo=,VcJlRsbvMpDTlTpNgJ4BJ8Qq0SE=
6,-28,O0GQRmjKsyBmyspnbRFAG+z73Qo=,VcJlRsbvMpDTlTpNgJ4BJ8Qq0SE=
5,-29,O0GQRmjKsyBmyspnbRFAG+z73Qo=,VcJlRsbvMpDTlTpNgJ4BJ8Qq0SE=
4,-28,O0GQRmjKsyBmyspnbRFAG+z73Qo=,VcJlRsbvMpDTlTpNgJ4BJ8Qq0SE=
4,-29,O0GQRmjKsyBmyspnbRFAG+z73Qo=,VcJlRsbvMpDTlTpNgJ4BJ8Qq0SE=
5,-28,O0GQRmjKsyBmyspnbRFAG+z73Qo=,VcJlRsbvMpDTlTpNgJ4BJ8Qq0SE=
13,-17,O0GQRmjKsyBmyspnbRFAG+z73Qo=,VcJlRsbvMpDTlTpNgJ4BJ8Qq0SE=
4,-30,O0GQRmjKsyBmyspnbRFAG+z73Qo=,VcJlRsbvMpDTlTpNgJ4BJ8Qq0SE=
15,-17,O0GQRmjKsyBmyspnbRFAG+z73Qo=,VcJlRsbvMpDTlTpNgJ4BJ8Qq0SE=
8,-17,O0GQRmjKsyBmyspnbRFAG+z73Qo=,VcJlRsbvMpDTlTpNgJ4BJ8Qq0SE=
7,-17,O0GQRmjKsyBmyspnbRFAG+z73Qo=,VcJlRsbvMpDTlTpNgJ4BJ8Qq0SE=
9,-17,O0GQRmjKsyBmyspnbRFAG+z73Qo=,VcJlRsbvMpDTlTpNgJ4BJ8Qq0SE=
12,-17,O0GQRmjKsyBmyspnbRFAG+z73Qo=,VcJlRsbvMpDTlTpNgJ4BJ8Qq0SE=
3,-30,O0GQRmjKsyBmyspnbRFAG+z73Qo=,VcJlRsbvMpDTlTpNgJ4BJ8Qq0SE=
3,-31,O0GQRmjKsyBmyspnbRFAG+z73Qo=,VcJlRsbvMpDTlTpNgJ4BJ8Qq0SE=
6,-17,O0GQRmjKsyBmyspnbRFAG+z73Qo=,VcJlRsbvMpDTlTpNgJ4BJ8Qq0SE=
5,-17,O0GQRmjKsyBmyspnbRFAG+z73Qo=,VcJlRsbvMpDTlTpNgJ4BJ8Qq0SE=
4,-17,O0GQRmjKsyBmyspnbRFAG+z73Qo=,VcJlRsbvMpDTlTpNgJ4BJ8Qq0SE=
10,-17,O0GQRmjKsyBmyspnbRFAG+z73Qo=,VcJlRsbvMpDTlTpNgJ4BJ8Qq0SE=
11,-17,O0GQRmjKsyBmyspnbRFAG+z73Qo=,VcJlRsbvMpDTlTpNgJ4BJ8Qq0SE=
3,-17,O0GQRmjKsyBmyspnbRFAG+z73Qo=,VcJlRsbvMpDTlTpNgJ4BJ8Qq0SE=
2,-17,O0GQRmjKsyBmyspnbRFAG+z73Qo=,VcJlRsbvMpDTlTpNgJ4BJ8Qq0SE=
0,-17,O0GQRmjKsyBmyspnbRFAG+z73Qo=,VcJlRsbvMpDTlTpNgJ4BJ8Qq0SE=
2,-28,O0GQRmjKsyBmyspnbRFAG+z73Qo=,VcJlRsbvMpDTlTpNgJ4BJ8Qq0SE=
5,-30,O0GQRmjKsyBmyspnbRFAG+z73Qo=,VcJlRsbvMpDTlTpNgJ4BJ8Qq0SE=
2,-30,O0GQRmjKsyBmyspnbRFAG+z73Qo=,VcJlRsbvMpDTlTpNgJ4BJ8Qq0SE=
5,-31,O0GQRmjKsyBmyspnbRFAG+z73Qo=,VcJlRsbvMpDTlTpNgJ4BJ8Qq0SE=
15,-18,O0GQRmjKsyBmyspnbRFAG+z73Qo=,VcJlRsbvMpDTlTpNgJ4BJ8Qq0SE=
1,-17,O0GQRmjKsyBmyspnbRFAG+z73Qo=,VcJlRsbvMpDTlTpNgJ4BJ8Qq0SE=
13,-18,O0GQRmjKsyBmyspnbRFAG+z73Qo=,VcJlRsbvMpDTlTpNgJ4BJ8Qq0SE=
9,-18,O0GQRmjKsyBmyspnbRFAG+z73Qo=,VcJlRsbvMpDTlTpNgJ4BJ8Qq0SE=
6,-18,O0GQRmjKsyBmyspnbRFAG+z73Qo=,VcJlRsbvMpDTlTpNgJ4BJ8Qq0SE=
10,-18,O0GQRmjKsyBmyspnbRFAG+z73Qo=,VcJlRsbvMpDTlTpNgJ4BJ8Qq0SE=
12,-18,O0GQRmjKsyBmyspnbRFAG+z73Qo=,VcJlRsbvMpDTlTpNgJ4BJ8Qq0SE=
11,-18,O0GQRmjKsyBmyspnbRFAG+z73Qo=,VcJlRsbvMpDTlTpNgJ4BJ8Qq0SE=
14,-17,O0GQRmjKsyBmyspnbRFAG+z73Qo=,VcJlRsbvMpDTlTpNgJ4BJ8Qq0SE=
3,-18,O0GQRmjKsyBmyspnbRFAG+z73Qo=,VcJlRsbvMpDTlTpNgJ4BJ8Qq0SE=
5,-18,O0GQRmjKsyBmyspnbRFAG+z73Qo=,VcJlRsbvMpDTlTpNgJ4BJ8Qq0SE=
7,-18,O0GQRmjKsyBmyspnbRFAG+z73Qo=,VcJlRsbvMpDTlTpNgJ4BJ8Qq0SE=
14,-18,O0GQRmjKsyBmyspnbRFAG+z73Qo=,VcJlRsbvMpDTlTpNgJ4BJ8Qq0SE=
1,-28,O0GQRmjKsyBmyspnbRFAG+z73Qo=,VcJlRsbvMpDTlTpNgJ4BJ8Qq0SE=
15,-19,O0GQRmjKsyBmyspnbRFAG+z73Qo=,VcJlRsbvMpDTlTpNgJ4BJ8Qq0SE=
8,-18,O0GQRmjKsyBmyspnbRFAG+z73Qo=,VcJlRsbvMpDTlTpNgJ4BJ8Qq0SE=
2,-29,O0GQRmjKsyBmyspnbRFAG+z73Qo=,VcJlRsbvMpDTlTpNgJ4BJ8Qq0SE=
12,-19,O0GQRmjKsyBmyspnbRFAG+z73Qo=,VcJlRsbvMpDTlTpNgJ4BJ8Qq0SE=
1,-18,O0GQRmjKsyBmyspnbRFAG+z73Qo=,VcJlRsbvMpDTlTpNgJ4BJ8Qq0SE=
14,-19,O0GQRmjKsyBmyspnbRFAG+z73Qo=,VcJlRsbvMpDTlTpNgJ4BJ8Qq0SE=
8,-19,O0GQRmjKsyBmyspnbRFAG+z73Qo=,VcJlRsbvMpDTlTpNgJ4BJ8Qq0SE=
9,-19,O0GQRmjKsyBmyspnbRFAG+z73Qo=,VcJlRsbvMpDTlTpNgJ4BJ8Qq0SE=
4,-18,O0GQRmjKsyBmyspnbRFAG+z73Qo=,VcJlRsbvMpDTlTpNgJ4BJ8Qq0SE=
6,-19,O0GQRmjKsyBmyspnbRFAG+z73Qo=,VcJlRsbvMpDTlTpNgJ4BJ8Qq0SE=
1,-31,O0GQRmjKsyBmyspnbRFAG+z73Qo=,VcJlRsbvMpDTlTpNgJ4BJ8Qq0SE=
0,-18,O0GQRmjKsyBmyspnbRFAG+z73Qo=,VcJlRsbvMpDTlTpNgJ4BJ8Qq0SE=
5,-19,O0GQRmjKsyBmyspnbRFAG+z73Qo=,VcJlRsbvMpDTlTpNgJ4BJ8Qq0SE=
11,-19,O0GQRmjKsyBmyspnbRFAG+z73Qo=,VcJlRsbvMpDTlTpNgJ4BJ8Qq0SE=
15,-29,O0GQRmjKsyBmyspnbRFAG+z73Qo=,VcJlRsbvMpDTlTpNgJ4BJ8Qq0SE=
7,-19,O0GQRmjKsyBmyspnbRFAG+z73Qo=,VcJlRsbvMpDTlTpNgJ4BJ8Qq0SE=
3,-28,O0GQRmjKsyBmyspnbRFAG+z73Qo=,VcJlRsbvMpDTlTpNgJ4BJ8Qq0SE=
7,-28,O0GQRmjKsyBmyspnbRFAG+z73Qo=,VcJlRsbvMpDTlTpNgJ4BJ8Qq0SE=
4,-19,O0GQRmjKsyBmyspnbRFAG+z73Qo=,VcJlRsbvMpDTlTpNgJ4BJ8Qq0SE=
0,-19,O0GQRmjKsyBmyspnbRFAG+z73Qo=,VcJlRsbvMpDTlTpNgJ4BJ8Qq0SE=
14,-20,O0GQRmjKsyBmyspnbRFAG+z73Qo=,VcJlRsbvMpDTlTpNgJ4BJ8Qq0SE=
10,-19,O0GQRmjKsyBmyspnbRFAG+z73Qo=,VcJlRsbvMpDTlTpNgJ4BJ8Qq0SE=
12,-20,O0GQRmjKsyBmyspnbRFAG+z73Qo=,VcJlRsbvMpDTlTpNgJ4BJ8Qq0SE=
0,-28,O0GQRmjKsyBmyspnbRFAG+z73Qo=,VcJlRsbvMpDTlTpNgJ4BJ8Qq0SE=
1,-30,O0GQRmjKsyBmyspnbRFAG+z73Qo=,VcJlRsbvMpDTlTpNgJ4BJ8Qq0SE=
8,-20,O0GQRmjKsyBmyspnbRFAG+z73Qo=,VcJlRsbvMpDTlTpNgJ4BJ8Qq0SE=
13,-20,O0GQRmjKsyBmyspnbRFAG+z73Qo=,VcJlRsbvMpDTlTpNgJ4BJ8Qq0SE=
9,-20,O0GQRmjKsyBmyspnbRFAG+z73Qo=,VcJlRsbvMpDTlTpNgJ4BJ8Qq0SE=
2,-19,O0GQRmjKsyBmyspnbRFAG+z73Qo=,VcJlRsbvMpDTlTpNgJ4BJ8Qq0SE=
2,-18,O0GQRmjKsyBmyspnbRFAG+z73Qo=,VcJlRsbvMpDTlTpNgJ4BJ8Qq0SE=
7,-20,pKQyodb6itWFlhCuzh2AEqMM5wU=,VcJlRsbvMpDTlTpNgJ4BJ8Qq0SE=
13,-19,pKQyodb6itWFlhCuzh2AEqMM5wU=,VcJlRsbvMpDTlTpNgJ4BJ8Qq0SE=
15,-31,pKQyodb6itWFlhCuzh2AEqMM5wU=,VcJlRsbvMpDTlTpNgJ4BJ8Qq0SE=
8,-28,pKQyodb6itWFlhCuzh2AEqMM5wU=,VcJlRsbvMpDTlTpNgJ4BJ8Qq0SE=
4,-20,pKQyodb6itWFlhCuzh2AEqMM5wU=,VcJlRsbvMpDTlTpNgJ4BJ8Qq0SE=
14,-29,pKQyodb6itWFlhCuzh2AEqMM5wU=,VcJlRsbvMpDTlTpNgJ4BJ8Qq0SE=
3,-20,pKQyodb6itWFlhCuzh2AEqMM5wU=,VcJlRsbvMpDTlTpNgJ4BJ8Qq0SE=
14,-21,pKQyodb6itWFlhCuzh2AEqMM5wU=,VcJlRsbvMpDTlTpNgJ4BJ8Qq0SE=
15,-21,pKQyodb6itWFlhCuzh2AEqMM5wU=,VcJlRsbvMpDTlTpNgJ4BJ8Qq0SE=
8,-30,pKQyodb6itWFlhCuzh2AEqMM5wU=,VcJlRsbvMpDTlTpNgJ4BJ8Qq0SE=
0,-20,pKQyodb6itWFlhCuzh2AEqMM5wU=,VcJlRsbvMpDTlTpNgJ4BJ8Qq0SE=
1,-20,pKQyodb6itWFlhCuzh2AEqMM5wU=,VcJlRsbvMpDTlTpNgJ4BJ8Qq0SE=
13,-21,pKQyodb6itWFlhCuzh2AEqMM5wU=,VcJlRsbvMpDTlTpNgJ4BJ8Qq0SE=
9,-28,pKQyodb6itWFlhCuzh2AEqMM5wU=,VcJlRsbvMpDTlTpNgJ4BJ8Qq0SE=
10,-28,pKQyodb6itWFlhCuzh2AEqMM5wU=,VcJlRsbvMpDTlTpNgJ4BJ8Qq0SE=
11,-21,pKQyodb6itWFlhCuzh2AEqMM5wU=,VcJlRsbvMpDTlTpNgJ4BJ8Qq0SE=
3,-19,pKQyodb6itWFlhCuzh2AEqMM5wU=,VcJlRsbvMpDTlTpNgJ4BJ8Qq0SE=
11,-20,pKQyodb6itWFlhCuzh2AEqMM5wU=,VcJlRsbvMpDTlTpNgJ4BJ8Qq0SE=
5,-20,pKQyodb6itWFlhCuzh2AEqMM5wU=,VcJlRsbvMpDTlTpNgJ4BJ8Qq0SE=
15,-20,pKQyodb6itWFlhCuzh2AEqMM5wU=,VcJlRsbvMpDTlTpNgJ4BJ8Qq0SE=
6,-20,pKQyodb6itWFlhCuzh2AEqMM5wU=,VcJlRsbvMpDTlTpNgJ4BJ8Qq0SE=
9,-21,pKQyodb6itWFlhCuzh2AEqMM5wU=,VcJlRsbvMpDTlTpNgJ4BJ8Qq0SE=
10,-21,pKQyodb6itWFlhCuzh2AEqMM5wU=,VcJlRsbvMpDTlTpNgJ4BJ8Qq0SE=
5,-21,pKQyodb6itWFlhCuzh2AEqMM5wU=,VcJlRsbvMpDTlTpNgJ4BJ8Qq0SE=
3,-21,pKQyodb6itWFlhCuzh2AEqMM5wU=,VcJlRsbvMpDTlTpNgJ4BJ8Qq0SE=
1,-19,pKQyodb6itWFlhCuzh2AEqMM5wU=,VcJlRsbvMpDTlTpNgJ4BJ8Qq0SE=
8,-21,pKQyodb6itWFlhCuzh2AEqMM5wU=,VcJlRsbvMpDTlTpNgJ4BJ8Qq0SE=
14,-31,pKQyodb6itWFlhCuzh2AEqMM5wU=,VcJlRsbvMpDTlTpNgJ4BJ8Qq0SE=
9,-30,pKQyodb6itWFlhCuzh2AEqMM5wU=,VcJlRsbvMpDTlTpNgJ4BJ8Qq0SE=
10,-20,pKQyodb6itWFlhCuzh2AEqMM5wU=,VcJlRsbvMpDTlTpNgJ4BJ8Qq0SE=
2,-20,pKQyodb6itWFlhCuzh2AEqMM5wU=,VcJlRsbvMpDTlTpNgJ4BJ8Qq0SE=
1,-21,pKQyodb6itWFlhCuzh2AEqMM5wU=,VcJlRsbvMpDTlTpNgJ4BJ8Qq0SE=
12,-21,pKQyodb6itWFlhCuzh2AEqMM5wU=,VcJlRsbvMpDTlTpNgJ4BJ8Qq0SE=
2,-21,pKQyodb6itWFlhCuzh2AEqMM5wU=,VcJlRsbvMpDTlTpNgJ4BJ8Qq0SE=
0,-21,pKQyodb6itWFlhCuzh2AEqMM5wU=,VcJlRsbvMpDTlTpNgJ4BJ8Qq0SE=
0,-31,pKQyodb6itWFlhCuzh2AEqMM5wU=,VcJlRsbvMpDTlTpNgJ4BJ8Qq0SE=
10,-30,pKQyodb6itWFlhCuzh2AEqMM5wU=,VcJlRsbvMpDTlTpNgJ4BJ8Qq0SE=
6,-21,pKQyodb6itWFlhCuzh2AEqMM5wU=,VcJlRsbvMpDTlTpNgJ4BJ8Qq0SE=
11,-22,pKQyodb6itWFlhCuzh2AEqMM5wU=,VcJlRsbvMpDTlTpNgJ4BJ8Qq0SE=
10,-22,pKQyodb6itWFlhCuzh2AEqMM5wU=,VcJlRsbvMpDTlTpNgJ4BJ8Qq0SE=
13,-29,pKQyodb6itWFlhCuzh2AEqMM5wU=,VcJlRsbvMpDTlTpNgJ4BJ8Qq0SE=
11,-28,pKQyodb6itWFlhCuzh2AEqMM5wU=,VcJlRsbvMpDTlTpNgJ4BJ8Qq0SE=
0,-30,pKQyodb6itWFlhCuzh2AEqMM5wU=,VcJlRsbvMpDTlTpNgJ4BJ8Qq0SE=
4,-21,pKQyodb6itWFlhCuzh2AEqMM5wU=,VcJlRsbvMpDTlTpNgJ4BJ8Qq0SE=
7,-21,pKQyodb6itWFlhCuzh2AEqMM5wU=,VcJlRsbvMpDTlTpNgJ4BJ8Qq0SE=
6,-22,pKQyodb6itWFlhCuzh2AEqMM5wU=,VcJlRsbvMpDTlTpNgJ4BJ8Qq0SE=
14,-22,pKQyodb6itWFlhCuzh2AEqMM5wU=,VcJlRsbvMpDTlTpNgJ4BJ8Qq0SE=
12,-22,pKQyodb6itWFlhCuzh2AEqMM5wU=,VcJlRsbvMpDTlTpNgJ4BJ8Qq0SE=
12,-29,pKQyodb6itWFlhCuzh2AEqMM5wU=,VcJlRsbvMpDTlTpNgJ4BJ8Qq0SE=
13,-31,pKQyodb6itWFlhCuzh2AEqMM5wU=,VcJlRsbvMpDTlTpNgJ4BJ8Qq0SE=
13,-22,pKQyodb6itWFlhCuzh2AEqMM5wU=,VcJlRsbvMpDTlTpNgJ4BJ8Qq0SE=
1,-29,pKQyodb6itWFlhCuzh2AEqMM5wU=,VcJlRsbvMpDTlTpNgJ4BJ8Qq0SE=
2,-22,pKQyodb6itWFlhCuzh2AEqMM5wU=,VcJlRsbvMpDTlTpNgJ4BJ8Qq0SE=
12,-31,pKQyodb6itWFlhCuzh2AEqMM5wU=,VcJlRsbvMpDTlTpNgJ4BJ8Qq0SE=
9,-22,pKQyodb6itWFlhCuzh2AEqMM5wU=,VcJlRsbvMpDTlTpNgJ4BJ8Qq0SE=
5,-22,pKQyodb6itWFlhCuzh2AEqMM5wU=,VcJlRsbvMpDTlTpNgJ4BJ8Qq0SE=
3,-22,pKQyodb6itWFlhCuzh2AEqMM5wU=,VcJlRsbvMpDTlTpNgJ4BJ8Qq0SE=
12,-28,pKQyodb6itWFlhCuzh2AEqMM5wU=,VcJlRsbvMpDTlTpNgJ4BJ8Qq0SE=
7,-22,pKQyodb6itWFlhCuzh2AEqMM5wU=,VcJlRsbvMpDTlTpNgJ4BJ8Qq0SE=
0,-22,pKQyodb6itWFlhCuzh2AEqMM5wU=,VcJlRsbvMpDTlTpNgJ4BJ8Qq0SE=
4,-22,pKQyodb6itWFlhCuzh2AEqMM5wU=,VcJlRsbvMpDTlTpNgJ4BJ8Qq0SE=
8,-23,pKQyodb6itWFlhCuzh2AEqMM5wU=,VcJlRsbvMpDTlTpNgJ4BJ8Qq0SE=
1,-22,pKQyodb6itWFlhCuzh2AEqMM5wU=,VcJlRsbvMpDTlTpNgJ4BJ8Qq0SE=
8,-22,pKQyodb6itWFlhCuzh2AEqMM5wU=,VcJlRsbvMpDTlTpNgJ4BJ8Qq0SE=
6,-23,pKQyodb6itWFlhCuzh2AEqMM5wU=,VcJlRsbvMpDTlTpNgJ4BJ8Qq0SE=
12,-23,pKQyodb6itWFlhCuzh2AEqMM5wU=,VcJlRsbvMpDTlTpNgJ4BJ8Qq0SE=
0,-29,pKQyodb6itWFlhCuzh2AEqMM5wU=,VcJlRsbvMpDTlTpNgJ4BJ8Qq0SE=
15,-22,pKQyodb6itWFlhCuzh2AEqMM5wU=,VcJlRsbvMpDTlTpNgJ4BJ8Qq0SE=
3,-23,pKQyodb6itWFlhCuzh2AEqMM5wU=,VcJlRsbvMpDTlTpNgJ4BJ8Qq0SE=
14,-23,pKQyodb6itWFlhCuzh2AEqMM5wU=,VcJlRsbvMpDTlTpNgJ4BJ8Qq0SE=
13,-23,pKQyodb6itWFlhCuzh2AEqMM5wU=,VcJlRsbvMpDTlTpNgJ4BJ8Qq0SE=
10,-23,pKQyodb6itWFlhCuzh2AEqMM5wU=,VcJlRsbvMpDTlTpNgJ4BJ8Qq0SE=
7,-23,pKQyodb6itWFlhCuzh2AEqMM5wU=,VcJlRsbvMpDTlTpNgJ4BJ8Qq0SE=
9,-23,pKQyodb6itWFlhCuzh2AEqMM5wU=,VcJlRsbvMpDTlTpNgJ4BJ8Qq0SE=
11,-29,pKQyodb6itWFlhCuzh2AEqMM5wU=,VcJlRsbvMpDTlTpNgJ4BJ8Qq0SE=
4,-23,pKQyodb6itWFlhCuzh2AEqMM5wU=,VcJlRsbvMpDTlTpNgJ4BJ8Qq0SE=
11,-23,pKQyodb6itWFlhCuzh2AEqMM5wU=,VcJlRsbvMpDTlTpNgJ4BJ8Qq0SE=
5,-23,pKQyodb6itWFlhCuzh2AEqMM5wU=,VcJlRsbvMpDTlTpNgJ4BJ8Qq0SE=
11,-31,pKQyodb6itWFlhCuzh2AEqMM5wU=,VcJlRsbvMpDTlTpNgJ4BJ8Qq0SE=
13,-28,pKQyodb6itWFlhCuzh2AEqMM5wU=,VcJlRsbvMpDTlTpNgJ4BJ8Qq0SE=
1,-23,pKQyodb6itWFlhCuzh2AEqMM5wU=,VcJlRsbvMpDTlTpNgJ4BJ8Qq0SE=
0,-23,pKQyodb6itWFlhCuzh2AEqMM5wU=,VcJlRsbvMpDTlTpNgJ4BJ8Qq0SE=
12,-24,pKQyodb6itWFlhCuzh2AEqMM5wU=,VcJlRsbvMpDTlTpNgJ4BJ8Qq0SE=
2,-31,pKQyodb6itWFlhCuzh2AEqMM5wU=,VcJlRsbvMpDTlTpNgJ4BJ8Qq0SE=
15,-23,pKQyodb6itWFlhCuzh2AEqMM5wU=,VcJlRsbvMpDTlTpNgJ4BJ8Qq0SE=
9,-24,pKQyodb6itWFlhCuzh2AEqMM5wU=,VcJlRsbvMpDTlTpNgJ4BJ8Qq0SE=
11,-24,pKQyodb6itWFlhCuzh2AEqMM5wU=,VcJlRsbvMpDTlTpNgJ4BJ8Qq0SE=
15,-30,pKQyodb6itWFlhCuzh2AEqMM5wU=,VcJlRsbvMpDTlTpNgJ4BJ8Qq0SE=
6,-24,pKQyodb6itWFlhCuzh2AEqMM5wU=,VcJlRsbvMpDTlTpNgJ4BJ8Qq0SE=
10,-24,pKQyodb6itWFlhCuzh2AEqMM5wU=,VcJlRsbvMpDTlTpNgJ4BJ8Qq0SE=
2,-23,pKQyodb6itWFlhCuzh2AEqMM5wU=,VcJlRsbvMpDTlTpNgJ4BJ8Qq0SE=
13,-24,pKQyodb6itWFlhCuzh2AEqMM5wU=,VcJlRsbvMpDTlTpNgJ4BJ8Qq0SE=
8,-24,pKQyodb6itWFlhCuzh2AEqMM5wU=,VcJlRsbvMpDTlTpNgJ4BJ8Qq0SE=
10,-31,pKQyodb6itWFlhCuzh2AEqMM5wU=,VcJlRsbvMpDTlTpNgJ4BJ8Qq0SE=
7,-24,pKQyodb6itWFlhCuzh2AEqMM5wU=,VcJlRsbvMpDTlTpNgJ4BJ8Qq0SE=
10,-29,pKQyodb6itWFlhCuzh2AEqMM5wU=,VcJlRsbvMpDTlTpNgJ4BJ8Qq0SE=
15,-24,pKQyodb6itWFlhCuzh2AEqMM5wU=,VcJlRsbvMpDTlTpNgJ4BJ8Qq0SE=
5,-24,pKQyodb6itWFlhCuzh2AEqMM5wU=,VcJlRsbvMpDTlTpNgJ4BJ8Qq0SE=
4,-24,pKQyodb6itWFlhCuzh2AEqMM5wU=,VcJlRsbvMpDTlTpNgJ4BJ8Qq0SE=
11,-25,pKQyodb6itWFlhCuzh2AEqMM5wU=,VcJlRsbvMpDTlTpNgJ4BJ8Qq0SE=
12,-25,pKQyodb6itWFlhCuzh2AEqMM5wU=,VcJlRsbvMpDTlTpNgJ4BJ8Qq0SE=
14,-24,pKQyodb6itWFlhCuzh2AEqMM5wU=,VcJlRsbvMpDTlTpNgJ4BJ8Qq0SE=
10,-25,pKQyodb6itWFlhCuzh2AEqMM5wU=,VcJlRsbvMpDTlTpNgJ4BJ8Qq0SE=
0,-24,pKQyodb6itWFlhCuzh2AEqMM5wU=,VcJlRsbvMpDTlTpNgJ4BJ8Qq0SE=
9,-31,pKQyodb6itWFlhCuzh2AEqMM5wU=,VcJlRsbvMpDTlTpNgJ4BJ8Qq0SE=
6,-25,pKQyodb6itWFlhCuzh2AEqMM5wU=,VcJlRsbvMpDTlTpNgJ4BJ8Qq0SE=
14,-28,pKQyodb6itWFlhCuzh2AEqMM5wU=,VcJlRsbvMpDTlTpNgJ4BJ8Qq0SE=
2,-24,pKQyodb6itWFlhCuzh2AEqMM5wU=,VcJlRsbvMpDTlTpNgJ4BJ8Qq0SE=
3,-24,pKQyodb6itWFlhCuzh2AEqMM5wU=,VcJlRsbvMpDTlTpNgJ4BJ8Qq0SE=
11,-30,pKQyodb6itWFlhCuzh2AEqMM5wU=,VcJlRsbvMpDTlTpNgJ4BJ8Qq0SE=
13,-25,pKQyodb6itWFlhCuzh2AEqMM5wU=,VcJlRsbvMpDTlTpNgJ4BJ8Qq0SE=
15,-25,pKQyodb6itWFlhCuzh2AEqMM5wU=,VcJlRsbvMpDTlTpNgJ4BJ8Qq0SE=
9,-25,pKQyodb6itWFlhCuzh2AEqMM5wU=,VcJlRsbvMpDTlTpNgJ4BJ8Qq0SE=
2,-25,pKQyodb6itWFlhCuzh2AEqMM5wU=,VcJlRsbvMpDTlTpNgJ4BJ8Qq0SE=
4,-25,pKQyodb6itWFlhCuzh2AEqMM5wU=,VcJlRsbvMpDTlTpNgJ4BJ8Qq0SE=
1,-24,pKQyodb6itWFlhCuzh2AEqMM5wU=,VcJlRsbvMpDTlTpNgJ4BJ8Qq0SE=
1,-25,pKQyodb6itWFlhCuzh2AEqMM5wU=,VcJlRsbvMpDTlTpNgJ4BJ8Qq0SE=
0,-25,pKQyodb6itWFlhCuzh2AEqMM5wU=,VcJlRsbvMpDTlTpNgJ4BJ8Qq0SE=
11,-26,pKQyodb6itWFlhCuzh2AEqMM5wU=,VcJlRsbvMpDTlTpNgJ4BJ8Qq0SE=
7,-25,pKQyodb6itWFlhCuzh2AEqMM5wU=,VcJlRsbvMpDTlTpNgJ4BJ8Qq0SE=
14,-30,pKQyodb6itWFlhCuzh2AEqMM5wU=,VcJlRsbvMpDTlTpNgJ4BJ8Qq0SE=
9,-29,pKQyodb6itWFlhCuzh2AEqMM5wU=,VcJlRsbvMpDTlTpNgJ4BJ8Qq0SE=
10,-26,pKQyodb6itWFlhCuzh2AEqMM5wU=,VcJlRsbvMpDTlTpNgJ4BJ8Qq0SE=
5,-25,pKQyodb6itWFlhCuzh2AEqMM5wU=,VcJlRsbvMpDTlTpNgJ4BJ8Qq0SE=
9,-26,pKQyodb6itWFlhCuzh2AEqMM5wU=,VcJlRsbvMpDTlTpNgJ4BJ8Qq0SE=
8,-25,pKQyodb6itWFlhCuzh2AEqMM5wU=,VcJlRsbvMpDTlTpNgJ4BJ8Qq0SE=
7,-26,pKQyodb6itWFlhCuzh2AEqMM5wU=,VcJlRsbvMpDTlTpNgJ4BJ8Qq0SE=
6,-26,pKQyodb6itWFlhCuzh2AEqMM5wU=,VcJlRsbvMpDTlTpNgJ4BJ8Qq0SE=
13,-26,pKQyodb6itWFlhCuzh2AEqMM5wU=,VcJlRsbvMpDTlTpNgJ4BJ8Qq0SE=
12,-26,pKQyodb6itWFlhCuzh2AEqMM5wU=,VcJlRsbvMpDTlTpNgJ4BJ8Qq0SE=
8,-29,pKQyodb6itWFlhCuzh2AEqMM5wU=,VcJlRsbvMpDTlTpNgJ4BJ8Qq0SE=
4,-26,pKQyodb6itWFlhCuzh2AEqMM5wU=,VcJlRsbvMpDTlTpNgJ4BJ8Qq0SE=
2,-26,pKQyodb6itWFlhCuzh2AEqMM5wU=,VcJlRsbvMpDTlTpNgJ4BJ8Qq0SE=
8,-31,pKQyodb6itWFlhCuzh2AEqMM5wU=,VcJlRsbvMpDTlTpNgJ4BJ8Qq0SE=
14,-26,pKQyodb6itWFlhCuzh2AEqMM5wU=,VcJlRsbvMpDTlTpNgJ4BJ8Qq0SE=
8,-26,pKQyodb6itWFlhCuzh2AEqMM5wU=,VcJlRsbvMpDTlTpNgJ4BJ8Qq0SE=
14,-25,pKQyodb6itWFlhCuzh2AEqMM5wU=,VcJlRsbvMpDTlTpNgJ4BJ8Qq0SE=
10,-27,pKQyodb6itWFlhCuzh2AEqMM5wU=,VcJlRsbvMpDTlTpNgJ4BJ8Qq0SE=
3,-25,pKQyodb6itWFlhCuzh2AEqMM5wU=,VcJlRsbvMpDTlTpNgJ4BJ8Qq0SE=
0,-26,pKQyodb6itWFlhCuzh2AEqMM5wU=,VcJlRsbvMpDTlTpNgJ4BJ8Qq0SE=
9,-27,pKQyodb6itWFlhCuzh2AEqMM5wU=,VcJlRsbvMpDTlTpNgJ4BJ8Qq0SE=
1,-26,pKQyodb6itWFlhCuzh2AEqMM5wU=,VcJlRsbvMpDTlTpNgJ4BJ8Qq0SE=
15,-28,pKQyodb6itWFlhCuzh2AEqMM5wU=,VcJlRsbvMpDTlTpNgJ4BJ8Qq0SE=
15,-26,pKQyodb6itWFlhCuzh2AEqMM5wU=,VcJlRsbvMpDTlTpNgJ4BJ8Qq0SE=
5,-26,pKQyodb6itWFlhCuzh2AEqMM5wU=,VcJlRsbvMpDTlTpNgJ4BJ8Qq0SE=
12,-27,pKQyodb6itWFlhCuzh2AEqMM5wU=,VcJlRsbvMpDTlTpNgJ4BJ8Qq0SE=
8,-27,pKQyodb6itWFlhCuzh2AEqMM5wU=,VcJlRsbvMpDTlTpNgJ4BJ8Qq0SE=
11,-27,pKQyodb6itWFlhCuzh2AEqMM5wU=,VcJlRsbvMpDTlTpNgJ4BJ8Qq0SE=
15,-27,pKQyodb6itWFlhCuzh2AEqMM5wU=,VcJlRsbvMpDTlTpNgJ4BJ8Qq0SE=
3,-26,pKQyodb6itWFlhCuzh2AEqMM5wU=,VcJlRsbvMpDTlTpNgJ4BJ8Qq0SE=
7,-27,pKQyodb6itWFlhCuzh2AEqMM5wU=,VcJlRsbvMpDTlTpNgJ4BJ8Qq0SE=
6,-27,pKQyodb6itWFlhCuzh2AEqMM5wU=,VcJlRsbvMpDTlTpNgJ4BJ8Qq0SE=
13,-27,pKQyodb6itWFlhCuzh2AEqMM5wU=,VcJlRsbvMpDTlTpNgJ4BJ8Qq0SE=
0,-27,pKQyodb6itWFlhCuzh2AEqMM5wU=,VcJlRsbvMpDTlTpNgJ4BJ8Qq0SE=
5,-27,pKQyodb6itWFlhCuzh2AEqMM5wU=,VcJlRsbvMpDTlTpNgJ4BJ8Qq0SE=
12,-30,pKQyodb6itWFlhCuzh2AEqMM5wU=,VcJlRsbvMpDTlTpNgJ4BJ8Qq0SE=
6,-29,pKQyodb6itWFlhCuzh2AEqMM5wU=,VcJlRsbvMpDTlTpNgJ4BJ8Qq0SE=
6,-31,pKQyodb6itWFlhCuzh2AEqMM5wU=,VcJlRsbvMpDTlTpNgJ4BJ8Qq0SE=
14,-27,pKQyodb6itWFlhCuzh2AEqMM5wU=,VcJlRsbvMpDTlTpNgJ4BJ8Qq0SE=
1,-27,pKQyodb6itWFlhCuzh2AEqMM5wU=,VcJlRsbvMpDTlTpNgJ4BJ8Qq0SE=
7,-31,pKQyodb6itWFlhCuzh2AEqMM5wU=,VcJlRsbvMpDTlTpNgJ4BJ8Qq0SE=
13,-30,pKQyodb6itWFlhCuzh2AEqMM5wU=,VcJlRsbvMpDTlTpNgJ4BJ8Qq0SE=
4,-27,pKQyodb6itWFlhCuzh2AEqMM5wU=,VcJlRsbvMpDTlTpNgJ4BJ8Qq0SE=
3,-27,pKQyodb6itWFlhCuzh2AEqMM5wU=,VcJlRsbvMpDTlTpNgJ4BJ8Qq0SE=
7,-29,pKQyodb6itWFlhCuzh2AEqMM5wU=,VcJlRsbvMpDTlTpNgJ4BJ8Qq0SE=
2,-27,pKQyodb6itWFlhCuzh2AEqMM5wU=,VcJlRsbvMpDTlTpNgJ4BJ8Qq0SE=
8,-1,pKQyodb6itWFlhCuzh2AEqMM5wU=,uz4hGp+JRNW5Xg2pY1OQe6OOPmI=
10,-1,pKQyodb6itWFlhCuzh2AEqMM5wU=,uz4hGp+JRNW5Xg2pY1OQe6OOPmI=
8,-13,pKQyodb6itWFlhCuzh2AEqMM5wU=,uz4hGp+JRNW5Xg2pY1OQe6OOPmI=
14,-1,pKQyodb6itWFlhCuzh2AEqMM5wU=,uz4hGp+JRNW5Xg2pY1OQe6OOPmI=
9,-1,pKQyodb6itWFlhCuzh2AEqMM5wU=,uz4hGp+JRNW5Xg2pY1OQe6OOPmI=
11,-1,pKQyodb6itWFlhCuzh2AEqMM5wU=,uz4hGp+JRNW5Xg2pY1OQe6OOPmI=
5,-1,pKQyodb6itWFlhCuzh2AEqMM5wU=,uz4hGp+JRNW5Xg2pY1OQe6OOPmI=
13,-1,pKQyodb6itWFlhCuzh2AEqMM5wU=,uz4hGp+JRNW5Xg2pY1OQe6OOPmI=
9,-13,pKQyodb6itWFlhCuzh2AEqMM5wU=,uz4hGp+JRNW5Xg2pY1OQe6OOPmI=
7,-1,pKQyodb6itWFlhCuzh2AEqMM5wU=,uz4hGp+JRNW5Xg2pY1OQe6OOPmI=
7,-16,pKQyodb6itWFlhCuzh2AEqMM5wU=,uz4hGp+JRNW5Xg2pY1OQe6OOPmI=
6,-1,pKQyodb6itWFlhCuzh2AEqMM5wU=,uz4hGp+JRNW5Xg2pY1OQe6OOPmI=
7,-13,pKQyodb6itWFlhCuzh2AEqMM5wU=,uz4hGp+JRNW5Xg2pY1OQe6OOPmI=
5,-16,pKQyodb6itWFlhCuzh2AEqMM5wU=,uz4hGp+JRNW5Xg2pY1OQe6OOPmI=
10,-13,pKQyodb6itWFlhCuzh2AEqMM5wU=,uz4hGp+JRNW5Xg2pY1OQe6OOPmI=
6,-13,pKQyodb6itWFlhCuzh2AEqMM5wU=,uz4hGp+JRNW5Xg2pY1OQe6OOPmI=
4,-1,pKQyodb6itWFlhCuzh2AEqMM5wU=,uz4hGp+JRNW5Xg2pY1OQe6OOPmI=
15,-1,pKQyodb6itWFlhCuzh2AEqMM5wU=,uz4hGp+JRNW5Xg2pY1OQe6OOPmI=
7,-14,pKQyodb6itWFlhCuzh2AEqMM5wU=,uz4hGp+JRNW5Xg2pY1OQe6OOPmI=
12,-1,pKQyodb6itWFlhCuzh2AEqMM5wU=,uz4hGp+JRNW5Xg2pY1OQe6OOPmI=
1,-1,pKQyodb6itWFlhCuzh2AEqMM5wU=,uz4hGp+JRNW5Xg2pY1OQe6OOPmI=
3,-1,pKQyodb6itWFlhCuzh2AEqMM5wU=,uz4hGp+JRNW5Xg2pY1OQe6OOPmI=
7,-15,pKQyodb6itWFlhCuzh2AEqMM5wU=,uz4hGp+JRNW5Xg2pY1OQe6OOPmI=
2,-1,pKQyodb6itWFlhCuzh2AEqMM5wU=,uz4hGp+JRNW5Xg2pY1OQe6OOPmI=
2,-16,pKQyodb6itWFlhCuzh2AEqMM5wU=,uz4hGp+JRNW5Xg2pY1OQe6OOPmI=
6,-14,pKQyodb6itWFlhCuzh2AEqMM5wU=,uz4hGp+JRNW5Xg2pY1OQe6OOPmI=
1,-16,pKQyodb6itWFlhCuzh2AEqMM5wU=,uz4hGp+JRNW5Xg2pY1OQe6OOPmI=
11,-13,pKQyodb6itWFlhCuzh2AEqMM5wU=,uz4hGp+JRNW5Xg2pY1OQe6OOPmI=
3,-16,pKQyodb6itWFlhCuzh2AEqMM5wU=,uz4hGp+JRNW5Xg2pY1OQe6OOPmI=
0,-1,pKQyodb6itWFlhCuzh2AEqMM5wU=,uz4hGp+JRNW5Xg2pY1OQe6OOPmI=
6,-16,pKQyodb6itWFlhCuzh2AEqMM5wU=,uz4hGp+JRNW5Xg2pY1OQe6OOPmI=
6,-15,pKQyodb6itWFlhCuzh2AEqMM5wU=,uz4hGp+JRNW5Xg2pY1OQe6OOPmI=
14,-2,pKQyodb6itWFlhCuzh2AEqMM5wU=,uz4hGp+JRNW5Xg2pY1OQe6OOPmI=
0,-16,pKQyodb6itWFlhCuzh2AEqMM5wU=,uz4hGp+JRNW5Xg2pY1OQe6OOPmI=
12,-13,pKQyodb6itWFlhCuzh2AEqMM5wU=,uz4hGp+JRNW5Xg2pY1OQe6OOPmI=
1,-13,pKQyodb6itWFlhCuzh2AEqMM5wU=,uz4hGp+JRNW5Xg2pY1OQe6OOPmI=
4,-13,pKQyodb6itWFlhCuzh2AEqMM5wU=,uz4hGp+JRNW5Xg2pY1OQe6OOPmI=
3,-13,pKQyodb6itWFlhCuzh2AEqMM5wU=,uz4hGp+JRNW5Xg2pY1OQe6OOPmI=
15,-2,pKQyodb6itWFlhCuzh2AEqMM5wU=,uz4hGp+JRNW5Xg2pY1OQe6OOPmI=
5,-13,pKQyodb6itWFlhCuzh2AEqMM5wU=,uz4hGp+JRNW5Xg2pY1OQe6OOPmI=
2,-13,pKQyodb6itWFlhCuzh2AEqMM5wU=,uz4hGp+JRNW5Xg2pY1OQe6OOPmI=
0,-13,pKQyodb6itWFlhCuzh2AEqMM5wU=,uz4hGp+JRNW5Xg2pY1OQe6OOPmI=
15,-14,pKQyodb6itWFlhCuzh2AEqMM5wU=,uz4hGp+JRNW5Xg2pY1OQe6OOPmI=
11,-14,pKQyodb6itWFlhCuzh2AEqMM5wU=,uz4hGp+JRNW5Xg2pY1OQe6OOPmI=
9,-14,pKQyodb6itWFlhCuzh2AEqMM5wU=,uz4hGp+JRNW5Xg2pY1OQe6OOPmI=
14,-14,pKQyodb6itWFlhCuzh2AEqMM5wU=,uz4hGp+JRNW5Xg2pY1OQe6OOPmI=
13,-14,pKQyodb6itWFlhCuzh2AEqMM5wU=,uz4hGp+JRNW5Xg2pY1OQe6OOPmI=
10,-14,pKQyodb6itWFlhCuzh2AEqMM5wU=,uz4hGp+JRNW5Xg2pY1OQe6OOPmI=
13,-13,pKQyodb6itWFlhCuzh2AEqMM5wU=,uz4hGp+JRNW5Xg2pY1OQe6OOPmI=
12,-14,pKQyodb6itWFlhCuzh2AEqMM5wU=,uz4hGp+JRNW5Xg2pY1OQe6OOPmI=
13,-2,pKQyodb6itWFlhCuzh2AEqMM5wU=,uz4hGp+JRNW5Xg2pY1OQe6OOPmI=
12,-2,pKQyodb6itWFlhCuzh2AEqMM5wU=,uz4hGp+JRNW5Xg2pY1OQe6OOPmI=
5,-14,pKQyodb6itWFlhCuzh2AEqMM5wU=,uz4hGp+JRNW5Xg2pY1OQe6OOPmI=
14,-13,pKQyodb6itWFlhCuzh2AEqMM5wU=,uz4hGp+JRNW5Xg2pY1OQe6OOPmI=
8,-14,pKQyodb6itWFlhCuzh2AEqMM5wU=,uz4hGp+JRNW5Xg2pY1OQe6OOPmI=
4,-16,+S9Qk8kF2SQ2sEEupG33FxlyyiA=,uz4hGp+JRNW5Xg2pY1OQe6OOPmI=
9,-2,+S9Qk8kF2SQ2sEEupG33FxlyyiA=,uz4hGp+JRNW5Xg2pY1OQe6OOPmI=
7,-2,+S9Qk8kF2SQ2sEEupG33FxlyyiA=,uz4hGp+JRNW5Xg2pY1OQe6OOPmI=
8,-2,+S9Qk8kF2SQ2sEEupG33FxlyyiA=,uz4hGp+JRNW5Xg2pY1OQe6OOPmI=
6,-2,+S9Qk8kF2SQ2sEEupG33FxlyyiA=,uz4hGp+JRNW5Xg2pY1OQe6OOPmI=
1,-2,+S9Qk8kF2SQ2sEEupG33FxlyyiA=,uz4hGp+JRNW5Xg2pY1OQe6OOPmI=
10,-2,+S9Qk8kF2SQ2sEEupG33FxlyyiA=,uz4hGp+JRNW5Xg2pY1OQe6OOPmI=
5,-2,+S9Qk8kF2SQ2sEEupG33FxlyyiA=,uz4hGp+JRNW5Xg2pY1OQe6OOPmI=
15,-3,+S9Qk8kF2SQ2sEEupG33FxlyyiA=,uz4hGp+JRNW5Xg2pY1OQe6OOPmI=
14,-3,+S9Qk8kF2SQ2sEEupG33FxlyyiA=,uz4hGp+JRNW5Xg2pY1OQe6OOPmI=
5,-15,+S9Qk8kF2SQ2sEEupG33FxlyyiA=,uz4hGp+JRNW5Xg2pY1OQe6OOPmI=
13,-3,+S9Qk8kF2SQ2sEEupG33FxlyyiA=,uz4hGp+JRNW5Xg2pY1OQe6OOPmI=
4,-15,+S9Qk8kF2SQ2sEEupG33FxlyyiA=,uz4hGp+JRNW5Xg2pY1OQe6OOPmI=
12,-3,+S9Qk8kF2SQ2sEEupG33FxlyyiA=,uz4hGp+JRNW5Xg2pY1OQe6OOPmI=
0,-2,+S9Qk8kF2SQ2sEEupG33FxlyyiA=,uz4hGp+JRNW5Xg2pY1OQe6OOPmI=
2,-2,+S9Qk8kF2SQ2sEEupG33FxlyyiA=,uz4hGp+JRNW5Xg2pY1OQe6OOPmI=
11,-3,+S9Qk8kF2SQ2sEEupG33FxlyyiA=,uz4hGp+JRNW5Xg2pY1OQe6OOPmI=
9,-3,+S9Qk8kF2SQ2sEEupG33FxlyyiA=,uz4hGp+JRNW5Xg2pY1OQe6OOPmI=
11,-2,+S9Qk8kF2SQ2sEEupG33FxlyyiA=,uz4hGp+JRNW5Xg2pY1OQe6OOPmI=
7,-3,+S9Qk8kF2SQ2sEEupG33FxlyyiA=,uz4hGp+JRNW5Xg2pY1OQe6OOPmI=
2,-3,+S9Qk8kF2SQ2sEEupG33FxlyyiA=,uz4hGp+JRNW5Xg2pY1OQe6OOPmI=
4,-2,+S9Qk8kF2SQ2sEEupG33FxlyyiA=,uz4hGp+JRNW5Xg2pY1OQe6OOPmI=
10,-3,+S9Qk8kF2SQ2sEEupG33FxlyyiA=,uz4hGp+JRNW5Xg2pY1OQe6OOPmI=
1,-3,+S9Qk8kF2SQ2sEEupG33FxlyyiA=,uz4hGp+JRNW5Xg2pY1OQe6OOPmI=
5,-3,+S9Qk8kF2SQ2sEEupG33FxlyyiA=,uz4hGp+JRNW5Xg2pY1OQe6OOPmI=
14,-4,+S9Qk8kF2SQ2sEEupG33FxlyyiA=,uz4hGp+JRNW5Xg2pY1OQe6OOPmI=
6,-3,+S9Qk8kF2SQ2sEEupG33FxlyyiA=,uz4hGp+JRNW5Xg2pY1OQe6OOPmI=
3,-14,+S9Qk8kF2SQ2sEEupG33FxlyyiA=,uz4hGp+JRNW5Xg2pY1OQe6OOPmI=
13,-4,+S9Qk8kF2SQ2sEEupG33FxlyyiA=,uz4hGp+JRNW5Xg2pY1OQe6OOPmI=
2,-15,+S9Qk8kF2SQ2sEEupG33FxlyyiA=,uz4hGp+JRNW5Xg2pY1OQe6OOPmI=
2,-14,+S9Qk8kF2SQ2sEEupG33FxlyyiA=,uz4hGp+JRNW5Xg2pY1OQe6OOPmI=
12,-4,+S9Qk8kF2SQ2sEEupG33FxlyyiA=,uz4hGp+JRNW5Xg2pY1OQe6OOPmI=
11,-4,+S9Qk8kF2SQ2sEEupG33FxlyyiA=,uz4hGp+JRNW5Xg2pY1OQe6OOPmI=
3,-2,+S9Qk8kF2SQ2sEEupG33FxlyyiA=,uz4hGp+JRNW5Xg2pY1OQe6OOPmI=
15,-13,+S9Qk8kF2SQ2sEEupG33FxlyyiA=,uz4hGp+JRNW5Xg2pY1OQe6OOPmI=
4,-14,+S9Qk8kF2SQ2sEEupG33FxlyyiA=,uz4hGp+JRNW5Xg2pY1OQe6OOPmI=
3,-3,+S9Qk8kF2SQ2sEEupG33FxlyyiA=,uz4hGp+JRNW5Xg2pY1OQe6OOPmI=
8,-4,+S9Qk8kF2SQ2sEEupG33FxlyyiA=,uz4hGp+JRNW5Xg2pY1OQe6OOPmI=
9,-4,+S9Qk8kF2SQ2sEEupG33FxlyyiA=,uz4hGp+JRNW5Xg2pY1OQe6OOPmI=
0,-3,+S9Qk8kF2SQ2sEEupG33FxlyyiA=,uz4hGp+JRNW5Xg2pY1OQe6OOPmI=
4,-3,+S9Qk8kF2SQ2sEEupG33FxlyyiA=,uz4hGp+JRNW5Xg2pY1OQe6OOPmI=
0,-4,+S9Qk8kF2SQ2sEEupG33FxlyyiA=,uz4hGp+JRNW5Xg2pY1OQe6OOPmI=
3,-4,+S9Qk8kF2SQ2sEEupG33FxlyyiA=,uz4hGp+JRNW5Xg2pY1OQe6OOPmI=
7,-4,+S9Qk8kF2SQ2sEEupG33FxlyyiA=,uz4hGp+JRNW5Xg2pY1OQe6OOPmI=
8,-3,+S9Qk8kF2SQ2sEEupG33FxlyyiA=,uz4hGp+JRNW5Xg2pY1OQe6OOPmI=
5,-4,+S9Qk8kF2SQ2sEEupG33FxlyyiA=,uz4hGp+JRNW5Xg2pY1OQe6OOPmI=
4,-4,+S9Qk8kF2SQ2sEEupG33FxlyyiA=,uz4hGp+JRNW5Xg2pY1OQe6OOPmI=
3,-15,+S9Qk8kF2SQ2sEEupG33FxlyyiA=,uz4hGp+JRNW5Xg2pY1OQe6OOPmI=
10,-4,+S9Qk8kF2SQ2sEEupG33FxlyyiA=,uz4hGp+JRNW5Xg2pY1OQe6OOPmI=
12,-5,+S9Qk8kF2SQ2sEEupG33FxlyyiA=,uz4hGp+JRNW5Xg2pY1OQe6OOPmI=
1,-4,+S9Qk8kF2SQ2sEEupG33FxlyyiA=,uz4hGp+JRNW5Xg2pY1OQe6OOPmI=
2,-4,+S9Qk8kF2SQ2sEEupG33FxlyyiA=,uz4hGp+JRNW5Xg2pY1OQe6OOPmI=
15,-4,+S9Qk8kF2SQ2sEEupG33FxlyyiA=,uz4hGp+JRNW5Xg2pY1OQe6OOPmI=
11,-5,+S9Qk8kF2SQ2sEEupG33FxlyyiA=,uz4hGp+JRNW5Xg2pY1OQe6OOPmI=
10,-5,+S9Qk8kF2SQ2sEEupG33FxlyyiA=,uz4hGp+JRNW5Xg2pY1OQe6OOPmI=
6,-4,+S9Qk8kF2SQ2sEEupG33FxlyyiA=,uz4hGp+JRNW5Xg2pY1OQe6OOPmI=
1,-14,+S9Qk8kF2SQ2sEEupG33FxlyyiA=,uz4hGp+JRNW5Xg2pY1OQe6OOPmI=
1,-15,+S9Qk8kF2SQ2sEEupG33FxlyyiA=,uz4hGp+JRNW5Xg2pY1OQe6OOPmI=
9,-5,+S9Qk8kF2SQ2sEEupG33FxlyyiA=,uz4hGp+JRNW5Xg2pY1OQe6OOPmI=
14,-5,+S9Qk8kF2SQ2sEEupG33FxlyyiA=,uz4hGp+JRNW5Xg2pY1OQe6OOPmI=
0,-12,+S9Qk8kF2SQ2sEEupG33FxlyyiA=,uz4hGp+JRNW5Xg2pY1OQe6OOPmI=
13,-5,+S9Qk8kF2SQ2sEEupG33FxlyyiA=,uz4hGp+JRNW5Xg2pY1OQe6OOPmI=
8,-5,+S9Qk8kF2SQ2sEEupG33FxlyyiA=,uz4hGp+JRNW5Xg2pY1OQe6OOPmI=
0,-14,+S9Qk8kF2SQ2sEEupG33FxlyyiA=,uz4hGp+JRNW5Xg2pY1OQe6OOPmI=
0,-15,+S9Qk8kF2SQ2sEEupG33FxlyyiA=,uz4hGp+JRNW5Xg2pY1OQe6OOPmI=
4,-5,+S9Qk8kF2SQ2sEEupG33FxlyyiA=,uz4hGp+JRNW5Xg2pY1OQe6OOPmI=
15,-5,+S9Qk8kF2SQ2sEEupG33FxlyyiA=,uz4hGp+JRNW5Xg2pY1OQe6OOPmI=
5,-5,+S9Qk8kF2SQ2sEEupG33FxlyyiA=,uz4hGp+JRNW5Xg2pY1OQe6OOPmI=
1,-12,+S9Qk8kF2SQ2sEEupG33FxlyyiA=,uz4hGp+JRNW5Xg2pY1OQe6OOPmI=
7,-5,+S9Qk8kF2SQ2sEEupG33FxlyyiA=,uz4hGp+JRNW5Xg2pY1OQe6OOPmI=
2,-5,+S9Qk8kF2SQ2sEEupG33FxlyyiA=,uz4hGp+JRNW5Xg2pY1OQe6OOPmI=
0,-5,+S9Qk8kF2SQ2sEEupG33FxlyyiA=,uz4hGp+JRNW5Xg2pY1OQe6OOPmI=
6,-5,+S9Qk8kF2SQ2sEEupG33FxlyyiA=,uz4hGp+JRNW5Xg2pY1OQe6OOPmI=
13,-6,+S9Qk8kF2SQ2sEEupG33FxlyyiA=,uz4hGp+JRNW5Xg2pY1OQe6OOPmI=
15,-15,+S9Qk8kF2SQ2sEEupG33FxlyyiA=,uz4hGp+JRNW5Xg2pY1OQe6OOPmI=
3,-5,+S9Qk8kF2SQ2sEEupG33FxlyyiA=,uz4hGp+JRNW5Xg2pY1OQe6OOPmI=
14,-6,+S9Qk8kF2SQ2sEEupG33FxlyyiA=,uz4hGp+JRNW5Xg2pY1OQe6OOPmI=
10,-6,+S9Qk8kF2SQ2sEEupG33FxlyyiA=,uz4hGp+JRNW5Xg2pY1OQe6OOPmI=
1,-5,+S9Qk8kF2SQ2sEEupG33FxlyyiA=,uz4hGp+JRNW5Xg2pY1OQe6OOPmI=
15,-6,+S9Qk8kF2SQ2sEEupG33FxlyyiA=,uz4hGp+JRNW5Xg2pY1OQe6OOPmI=
15,-16,+S9Qk8kF2SQ2sEEupG33FxlyyiA=,uz4hGp+JRNW5Xg2pY1OQe6OOPmI=
12,-6,+S9Qk8kF2SQ2sEEupG33FxlyyiA=,uz4hGp+JRNW5Xg2pY1OQe6OOPmI=
5,-6,+S9Qk8kF2SQ2sEEupG33FxlyyiA=,uz4hGp+JRNW5Xg2pY1OQe6OOPmI=
9,-6,+S9Qk8kF2SQ2sEEupG33FxlyyiA=,uz4hGp+JRNW5Xg2pY1OQe6OOPmI=
4,-6,+S9Qk8kF2SQ2sEEupG33FxlyyiA=,uz4hGp+JRNW5Xg2pY1OQe6OOPmI=
8,-6,+S9Qk8kF2SQ2sEEupG33FxlyyiA=,uz4hGp+JRNW5Xg2pY1OQe6OOPmI=
11,-6,+S9Qk8kF2SQ2sEEupG33FxlyyiA=,uz4hGp+JRNW5Xg2pY1OQe6OOPmI=
6,-6,+S9Qk8kF2SQ2sEEupG33FxlyyiA=,uz4hGp+JRNW5Xg2pY1OQe6OOPmI=
2,-12,+S9Qk8kF2SQ2sEEupG33FxlyyiA=,uz4hGp+JRNW5Xg2pY1OQe6OOPmI=
2,-6,+S9Qk8kF2SQ2sEEupG33FxlyyiA=,uz4hGp+JRNW5Xg2pY1OQe6OOPmI=
13,-7,+S9Qk8kF2SQ2sEEupG33FxlyyiA=,uz4hGp+JRNW5Xg2pY1OQe6OOPmI=
0,-6,+S9Qk8kF2SQ2sEEupG33FxlyyiA=,uz4hGp+JRNW5Xg2pY1OQe6OOPmI=
15,-7,+S9Qk8kF2SQ2sEEupG33FxlyyiA=,uz4hGp+JRNW5Xg2pY1OQe6OOPmI=
1,-6,+S9Qk8kF2SQ2sEEupG33FxlyyiA=,uz4hGp+JRNW5Xg2pY1OQe6OOPmI=
12,-7,+S9Qk8kF2SQ2sEEupG33FxlyyiA=,uz4hGp+JRNW5Xg2pY1OQe6OOPmI=
9,-7,+S9Qk8kF2SQ2sEEupG33FxlyyiA=,uz4hGp+JRNW5Xg2pY1OQe6OOPmI=
10,-7,+S9Qk8kF2SQ2sEEupG33FxlyyiA=,uz4hGp+JRNW5Xg2pY1OQe6OOPmI=
14,-16,+S9Qk8kF2SQ2sEEupG33FxlyyiA=,uz4hGp+JRNW5Xg2pY1OQe6OOPmI=
7,-6,+S9Qk8kF2SQ2sEEupG33FxlyyiA=,uz4hGp+JRNW5Xg2pY1OQe6OOPmI=
3,-6,+S9Qk8kF2SQ2sEEupG33FxlyyiA=,uz4hGp+JRNW5Xg2pY1OQe6OOPmI=
11,-7,+S9Qk8kF2SQ2sEEupG33FxlyyiA=,uz4hGp+JRNW5Xg2pY1OQe6OOPmI=
3,-12,+S9Qk8kF2SQ2sEEupG33FxlyyiA=,uz4hGp+JRNW5Xg2pY1OQe6OOPmI=
7,-7,+S9Qk8kF2SQ2sEEupG33FxlyyiA=,uz4hGp+JRNW5Xg2pY1OQe6OOPmI=
14,-15,+S9Qk8kF2SQ2sEEupG33FxlyyiA=,uz4hGp+JRNW5Xg2pY1OQe6OOPmI=
8,-7,+S9Qk8kF2SQ2sEEupG33FxlyyiA=,uz4hGp+JRNW5Xg2pY1OQe6OOPmI=
14,-7,+S9Qk8kF2SQ2sEEupG33FxlyyiA=,uz4hGp+JRNW5Xg2pY1OQe6OOPmI=
0,-7,+S9Qk8kF2SQ2sEEupG33FxlyyiA=,uz4hGp+JRNW5Xg2pY1OQe6OOPmI=
6,-7,+S9Qk8kF2SQ2sEEupG33FxlyyiA=,uz4hGp+JRNW5Xg2pY1OQe6OOPmI=
5,-7,+S9Qk8kF2SQ2sEEupG33FxlyyiA=,uz4hGp+JRNW5Xg2pY1OQe6OOPmI=
4,-7,+S9Qk8kF2SQ2sEEupG33FxlyyiA=,uz4hGp+JRNW5Xg2pY1OQe6OOPmI=
2,-7,+S9Qk8kF2SQ2sEEupG33FxlyyiA=,uz4hGp+JRNW5Xg2pY1OQe6OOPmI=
13,-8,+S9Qk8kF2SQ2sEEupG33FxlyyiA=,uz4hGp+JRNW5Xg2pY1OQe6OOPmI=
15,-8,+S9Qk8kF2SQ2sEEupG33FxlyyiA=,uz4hGp+JRNW5Xg2pY1OQe6OOPmI=
13,-15,+S9Qk8kF2SQ2sEEupG33FxlyyiA=,uz4hGp+JRNW5Xg2pY1OQe6OOPmI=
12,-16,+S9Qk8kF2SQ2sEEupG33FxlyyiA=,uz4hGp+JRNW5Xg2pY1OQe6OOPmI=
1,-7,+S9Qk8kF2SQ2sEEupG33FxlyyiA=,uz4hGp+JRNW5Xg2pY1OQe6OOPmI=
3,-7,+S9Qk8kF2SQ2sEEupG33FxlyyiA=,uz4hGp+JRNW5Xg2pY1OQe6OOPmI=
13,-16,+S9Qk8kF2SQ2sEEupG33FxlyyiA=,uz4hGp+JRNW5Xg2pY1OQe6OOPmI=
14,-8,+S9Qk8kF2SQ2sEEupG33FxlyyiA=,uz4hGp+JRNW5Xg2pY1OQe6OOPmI=
10,-8,+S9Qk8kF2SQ2sEEupG33FxlyyiA=,uz4hGp+JRNW5Xg2pY1OQe6OOPmI=
4,-12,+S9Qk8kF2SQ2sEEupG33FxlyyiA=,uz4hGp+JRNW5Xg2pY1OQe6OOPmI=
12,-8,+S9Qk8kF2SQ2sEEupG33FxlyyiA=,uz4hGp+JRNW5Xg2pY1OQe6OOPmI=
11,-8,+S9Qk8kF2SQ2sEEupG33FxlyyiA=,uz4hGp+JRNW5Xg2pY1OQe6OOPmI=
6,-8,+S9Qk8kF2SQ2sEEupG33FxlyyiA=,uz4hGp+JRNW5Xg2pY1OQe6OOPmI=
9,-8,+S9Qk8kF2SQ2sEEupG33FxlyyiA=,uz4hGp+JRNW5Xg2pY1OQe6OOPmI=
7,-8,+S9Qk8kF2SQ2sEEupG33FxlyyiA=,uz4hGp+JRNW5Xg2pY1OQe6OOPmI=
8,-8,+S9Qk8kF2SQ2sEEupG33FxlyyiA=,uz4hGp+JRNW5Xg2pY1OQe6OOPmI=
4,-8,+S9Qk8kF2SQ2sEEupG33FxlyyiA=,uz4hGp+JRNW5Xg2pY1OQe6OOPmI=
5,-8,+S9Qk8kF2SQ2sEEupG33FxlyyiA=,uz4hGp+JRNW5Xg2pY1OQe6OOPmI=
2,-8,+S9Qk8kF2SQ2sEEupG33FxlyyiA=,uz4hGp+JRNW5Xg2pY1OQe6OOPmI=
12,-15,+S9Qk8kF2SQ2sEEupG33FxlyyiA=,uz4hGp+JRNW5Xg2pY1OQe6OOPmI=
5,-12,+S9Qk8kF2SQ2sEEupG33FxlyyiA=,uz4hGp+JRNW5Xg2pY1OQe6OOPmI=
3,-8,+S9Qk8kF2SQ2sEEupG33FxlyyiA=,uz4hGp+JRNW5Xg2pY1OQe6OOPmI=
1,-8,+S9Qk8kF2SQ2sEEupG33FxlyyiA=,uz4hGp+JRNW5Xg2pY1OQe6OOPmI=
14,-9,+S9Qk8kF2SQ2sEEupG33FxlyyiA=,uz4hGp+JRNW5Xg2pY1OQe6OOPmI=
15,-9,+S9Qk8kF2SQ2sEEupG33FxlyyiA=,uz4hGp+JRNW5Xg2pY1OQe6OOPmI=
0,-8,+S9Qk8kF2SQ2sEEupG33FxlyyiA=,uz4hGp+JRNW5Xg2pY1OQe6OOPmI=
11,-9,+S9Qk8kF2SQ2sEEupG33FxlyyiA=,uz4hGp+JRNW5Xg2pY1OQe6OOPmI=
13,-9,+S9Qk8kF2SQ2sEEupG33FxlyyiA=,uz4hGp+JRNW5Xg2pY1OQe6OOPmI=
12,-9,+S9Qk8kF2SQ2sEEupG33FxlyyiA=,uz4hGp+JRNW5Xg2pY1OQe6OOPmI=
11,-15,+S9Qk8kF2SQ2sEEupG33FxlyyiA=,uz4hGp+JRNW5Xg2pY1OQe6OOPmI=
11,-16,+S9Qk8kF2SQ2sEEupG33FxlyyiA=,uz4hGp+JRNW5Xg2pY1OQe6OOPmI=
10,-9,+S9Qk8kF2SQ2sEEupG33FxlyyiA=,uz4hGp+JRNW5Xg2pY1OQe6OOPmI=
8,-15,+S9Qk8kF2SQ2sEEupG33FxlyyiA=,uz4hGp+JRNW5Xg2pY1OQe6OOPmI=
6,-9,+S9Qk8kF2SQ2sEEupG33FxlyyiA=,uz4hGp+JRNW5Xg2pY1OQe6OOPmI=
9,-9,+S9Qk8kF2SQ2sEEupG33FxlyyiA=,uz4hGp+JRNW5Xg2pY1OQe6OOPmI=
7,-9,+S9Qk8kF2SQ2sEEupG33FxlyyiA=,uz4hGp+JRNW5Xg2pY1OQe6OOPmI=
8,-9,+S9Qk8kF2SQ2sEEupG33FxlyyiA=,uz4hGp+JRNW5Xg2pY1OQe6OOPmI=
5,-9,+S9Qk8kF2SQ2sEEupG33FxlyyiA=,uz4hGp+JRNW5Xg2pY1OQe6OOPmI=
8,-16,+S9Qk8kF2SQ2sEEupG33FxlyyiA=,uz4hGp+JRNW5Xg2pY1OQe6OOPmI=
0,-9,+S9Qk8kF2SQ2sEEupG33FxlyyiA=,uz4hGp+JRNW5Xg2pY1OQe6OOPmI=
3,-9,+S9Qk8kF2SQ2sEEupG33FxlyyiA=,uz4hGp+JRNW5Xg2pY1OQe6OOPmI=
1,-9,+S9Qk8kF2SQ2sEEupG33FxlyyiA=,uz4hGp+JRNW5Xg2pY1OQe6OOPmI=
4,-9,+S9Qk8kF2SQ2sEEupG33FxlyyiA=,uz4hGp+JRNW5Xg2pY1OQe6OOPmI=
15,-10,+S9Qk8kF2SQ2sEEupG33FxlyyiA=,uz4hGp+JRNW5Xg2pY1OQe6OOPmI=
12,-10,+S9Qk8kF2SQ2sEEupG33FxlyyiA=,uz4hGp+JRNW5Xg2pY1OQe6OOPmI=
11,-10,+S9Qk8kF2SQ2sEEupG33FxlyyiA=,uz4hGp+JRNW5Xg2pY1OQe6OOPmI=
13,-10,+S9Qk8kF2SQ2sEEupG33FxlyyiA=,uz4hGp+JRNW5Xg2pY1OQe6OOPmI=
14,-10,+S9Qk8kF2SQ2sEEupG33FxlyyiA=,uz4hGp+JRNW5Xg2pY1OQe6OOPmI=
2,-9,+S9Qk8kF2SQ2sEEupG33FxlyyiA=,uz4hGp+JRNW5Xg2pY1OQe6OOPmI=
6,-12,+S9Qk8kF2SQ2sEEupG33FxlyyiA=,uz4hGp+JRNW5Xg2pY1OQe6OOPmI=
10,-16,+S9Qk8kF2SQ2sEEupG33FxlyyiA=,uz4hGp+JRNW5Xg2pY1OQe6OOPmI=
10,-10,+S9Qk8kF2SQ2sEEupG33FxlyyiA=,uz4hGp+JRNW5Xg2pY1OQe6OOPmI=
9,-10,+S9Qk8kF2SQ2sEEupG33FxlyyiA=,uz4hGp+JRNW5Xg2pY1OQe6OOPmI=
10,-15,+S9Qk8kF2SQ2sEEupG33FxlyyiA=,uz4hGp+JRNW5Xg2pY1OQe6OOPmI=
6,-10,+S9Qk8kF2SQ2sEEupG33FxlyyiA=,uz4hGp+JRNW5Xg2pY1OQe6OOPmI=
7,-12,+S9Qk8kF2SQ2sEEupG33FxlyyiA=,uz4hGp+JRNW5Xg2pY1OQe6OOPmI=
8,-10,+S9Qk8kF2SQ2sEEupG33FxlyyiA=,uz4hGp+JRNW5Xg2pY1OQe6OOPmI=
3,-10,+S9Qk8kF2SQ2sEEupG33FxlyyiA=,uz4hGp+JRNW5Xg2pY1OQe6OOPmI=
7,-10,+S9Qk8kF2SQ2sEEupG33FxlyyiA=,uz4hGp+JRNW5Xg2pY1OQe6OOPmI=
2,-10,+S9Qk8kF2SQ2sEEupG33FxlyyiA=,uz4hGp+JRNW5Xg2pY1OQe6OOPmI=
4,-10,+S9Qk8kF2SQ2sEEupG33FxlyyiA=,uz4hGp+JRNW5Xg2pY1OQe6OOPmI=
5,-10,+S9Qk8kF2SQ2sEEupG33FxlyyiA=,uz4hGp+JRNW5Xg2pY1OQe6OOPmI=
8,-12,+S9Qk8kF2SQ2sEEupG33FxlyyiA=,uz4hGp+JRNW5Xg2pY1OQe6OOPmI=
1,-10,+S9Qk8kF2SQ2sEEupG33FxlyyiA=,uz4hGp+JRNW5Xg2pY1OQe6OOPmI=
0,-10,+S9Qk8kF2SQ2sEEupG33FxlyyiA=,uz4hGp+JRNW5Xg2pY1OQe6OOPmI=
12,-11,+S9Qk8kF2SQ2sEEupG33FxlyyiA=,uz4hGp+JRNW5Xg2pY1OQe6OOPmI=
14,-11,+S9Qk8kF2SQ2sEEupG33FxlyyiA=,uz4hGp+JRNW5Xg2pY1OQe6OOPmI=
15,-11,+S9Qk8kF2SQ2sEEupG33FxlyyiA=,uz4hGp+JRNW5Xg2pY1OQe6OOPmI=
13,-11,+S9Qk8kF2SQ2sEEupG33FxlyyiA=,uz4hGp+JRNW5Xg2pY1OQe6OOPmI=
9,-16,+S9Qk8kF2SQ2sEEupG33FxlyyiA=,uz4hGp+JRNW5Xg2pY1OQe6OOPmI=
9,-12,+S9Qk8kF2SQ2sEEupG33FxlyyiA=,uz4hGp+JRNW5Xg2pY1OQe6OOPmI=
11,-11,+S9Qk8kF2SQ2sEEupG33FxlyyiA=,uz4hGp+JRNW5Xg2pY1OQe6OOPmI=
10,-11,+S9Qk8kF2SQ2sEEupG33FxlyyiA=,uz4hGp+JRNW5Xg2pY1OQe6OOPmI=
9,-15,+S9Qk8kF2SQ2sEEupG33FxlyyiA=,uz4hGp+JRNW5Xg2pY1OQe6OOPmI=
8,-11,+S9Qk8kF2SQ2sEEupG33FxlyyiA=,uz4hGp+JRNW5Xg2pY1OQe6OOPmI=
6,-11,+S9Qk8kF2SQ2sEEupG33FxlyyiA=,uz4hGp+JRNW5Xg2pY1OQe6OOPmI=
7,-11,+S9Qk8kF2SQ2sEEupG33FxlyyiA=,uz4hGp+JRNW5Xg2pY1OQe6OOPmI=
9,-11,+S9Qk8kF2SQ2sEEupG33FxlyyiA=,uz4hGp+JRNW5Xg2pY1OQe6OOPmI=
10,-12,+S9Qk8kF2SQ2sEEupG33FxlyyiA=,uz4hGp+JRNW5Xg2pY1OQe6OOPmI=
4,-11,+S9Qk8kF2SQ2sEEupG33FxlyyiA=,uz4hGp+JRNW5Xg2pY1OQe6OOPmI=
5,-11,+S9Qk8kF2SQ2sEEupG33FxlyyiA=,uz4hGp+JRNW5Xg2pY1OQe6OOPmI=
3,-11,+S9Qk8kF2SQ2sEEupG33FxlyyiA=,uz4hGp+JRNW5Xg2pY1OQe6OOPmI=
0,-11,+S9Qk8kF2SQ2sEEupG33FxlyyiA=,uz4hGp+JRNW5Xg2pY1OQe6OOPmI=
1,-11,+S9Qk8kF2SQ2sEEupG33FxlyyiA=,uz4hGp+JRNW5Xg2pY1OQe6OOPmI=
11,-12,+S9Qk8kF2SQ2sEEupG33FxlyyiA=,uz4hGp+JRNW5Xg2pY1OQe6OOPmI=
2,-11,+S9Qk8kF2SQ2sEEupG33FxlyyiA=,uz4hGp+JRNW5Xg2pY1OQe6OOPmI=
15,-12,+S9Qk8kF2SQ2sEEupG33FxlyyiA=,uz4hGp+JRNW5Xg2pY1OQe6OOPmI=
14,-12,+S9Qk8kF2SQ2sEEupG33FxlyyiA=,uz4hGp+JRNW5Xg2pY1OQe6OOPmI=
13,-12,+S9Qk8kF2SQ2sEEupG33FxlyyiA=,uz4hGp+JRNW5Xg2pY1OQe6OOPmI=
12,-12,+S9Qk8kF2SQ2sEEupG33FxlyyiA=,uz4hGp+JRNW5Xg2pY1OQe6OOPmI=
