15,40,DdGNe38SGgHnVboiLRNl0nllg1c=,uz4hGp+JRNW5Xg2pY1OQe6OOPmI=
6,33,DdGNe38SGgHnVboiLRNl0nllg1c=,uz4hGp+JRNW5Xg2pY1OQe6OOPmI=
6,36,DdGNe38SGgHnVboiLRNl0nllg1c=,uz4hGp+JRNW5Xg2pY1OQe6OOPmI=
11,32,DdGNe38SGgHnVboiLRNl0nllg1c=,uz4hGp+JRNW5Xg2pY1OQe6OOPmI=
6,32,DdGNe38SGgHnVboiLRNl0nllg1c=,uz4hGp+JRNW5Xg2pY1OQe6OOPmI=
14,40,DdGNe38SGgHnVboiLRNl0nllg1c=,uz4hGp+JRNW5Xg2pY1OQe6OOPmI=
11,33,DdGNe38SGgHnVboiLRNl0nllg1c=,uz4hGp+JRNW5Xg2pY1OQe6OOPmI=
5,36,DdGNe38SGgHnVboiLRNl0nllg1c=,uz4hGp+JRNW5Xg2pY1OQe6OOPmI=
11,40,DdGNe38SGgHnVboiLRNl0nllg1c=,uz4hGp+JRNW5Xg2pY1OQe6OOPmI=
10,32,DdGNe38SGgHnVboiLRNl0nllg1c=,uz4hGp+JRNW5Xg2pY1OQe6OOPmI=
9,40,DdGNe38SGgHnVboiLRNl0nllg1c=,uz4hGp+JRNW5Xg2pY1OQe6OOPmI=
7,40,DdGNe38SGgHnVboiLRNl0nllg1c=,uz4hGp+JRNW5Xg2pY1OQe6OOPmI=
8,40,DdGNe38SGgHnVboiLRNl0nllg1c=,uz4hGp+JRNW5Xg2pY1OQe6OOPmI=
12,33,DdGNe38SGgHnVboiLRNl0nllg1c=,uz4hGp+JRNW5Xg2pY1OQe6OOPmI=
6,40,DdGNe38SGgHnVboiLRNl0nllg1c=,uz4hGp+JRNW5Xg2pY1OQe6OOPmI=
13,34,DdGNe38SGgHnVboiLRNl0nllg1c=,uz4hGp+JRNW5Xg2pY1OQe6OOPmI=
5,40,DdGNe38SGgHnVboiLRNl0nllg1c=,uz4hGp+JRNW5Xg2pY1OQe6OOPmI=
10,33,DdGNe38SGgHnVboiLRNl0nllg1c=,uz4hGp+JRNW5Xg2pY1OQe6OOPmI=
13,40,DdGNe38SGgHnVboiLRNl0nllg1c=,uz4hGp+JRNW5Xg2pY1OQe6OOPmI=
4,40,DdGNe38SGgHnVboiLRNl0nllg1c=,uz4hGp+JRNW5Xg2pY1OQe6OOPmI=
5,32,DdGNe38SGgHnVboiLRNl0nllg1c=,uz4hGp+JRNW5Xg2pY1OQe6OOPmI=
3,37,DdGNe38SGgHnVboiLRNl0nllg1c=,uz4hGp+JRNW5Xg2pY1OQe6OOPmI=
2,40,DdGNe38SGgHnVboiLRNl0nllg1c=,uz4hGp+JRNW5Xg2pY1OQe6OOPmI=
3,40,DdGNe38SGgHnVboiLRNl0nllg1c=,uz4hGp+JRNW5Xg2pY1OQe6OOPmI=
0,40,DdGNe38SGgHnVboiLRNl0nllg1c=,uz4hGp+JRNW5Xg2pY1OQe6OOPmI=
6,35,DdGNe38SGgHnVboiLRNl0nllg1c=,uz4hGp+JRNW5Xg2pY1OQe6OOPmI=
1,40,DdGNe38SGgHnVboiLRNl0nllg1c=,uz4hGp+JRNW5Xg2pY1OQe6OOPmI=
15,39,DdGNe38SGgHnVboiLRNl0nllg1c=,uz4hGp+JRNW5Xg2pY1OQe6OOPmI=
2,37,DdGNe38SGgHnVboiLRNl0nllg1c=,uz4hGp+JRNW5Xg2pY1OQe6OOPmI=
4,37,DdGNe38SGgHnVboiLRNl0nllg1c=,uz4hGp+JRNW5Xg2pY1OQe6OOPmI=
5,34,DdGNe38SGgHnVboiLRNl0nllg1c=,uz4hGp+JRNW5Xg2pY1OQe6OOPmI=
5,37,DdGNe38SGgHnVboiLRNl0nllg1c=,uz4hGp+JRNW5Xg2pY1OQe6OOPmI=
6,34,DdGNe38SGgHnVboiLRNl0nllg1c=,uz4hGp+JRNW5Xg2pY1OQe6OOPmI=
6,37,DdGNe38SGgHnVboiLRNl0nllg1c=,uz4hGp+JRNW5Xg2pY1OQe6OOPmI=
14,34,DdGNe38SGgHnVboiLRNl0nllg1c=,uz4hGp+JRNW5Xg2pY1OQe6OOPmI=
7,37,DdGNe38SGgHnVboiLRNl0nllg1c=,uz4hGp+JRNW5Xg2pY1OQe6OOPmI=
14,39,DdGNe38SGgHnVboiLRNl0nllg1c=,uz4hGp+JRNW5Xg2pY1OQe6OOPmI=
12,39,DdGNe38SGgHnVboiLRNl0nllg1c=,uz4hGp+JRNW5Xg2pY1OQe6OOPmI=
1,37,DdGNe38SGgHnVboiLRNl0nllg1c=,uz4hGp+JRNW5Xg2pY1OQe6OOPmI=
8,37,DdGNe38SGgHnVboiLRNl0nllg1c=,uz4hGp+JRNW5Xg2pY1OQe6OOPmI=
10,39,DdGNe38SGgHnVboiLRNl0nllg1c=,uz4hGp+JRNW5Xg2pY1OQe6OOPmI=
9,39,DdGNe38SGgHnVboiLRNl0nllg1c=,uz4hGp+JRNW5Xg2pY1OQe6OOPmI=
9,37,DdGNe38SGgHnVboiLRNl0nllg1c=,uz4hGp+JRNW5Xg2pY1OQe6OOPmI=
11,39,DdGNe38SGgHnVboiLRNl0nllg1c=,uz4hGp+JRNW5Xg2pY1OQe6OOPmI=
5,35,DdGNe38SGgHnVboiLRNl0nllg1c=,uz4hGp+JRNW5Xg2pY1OQe6OOPmI=
3,32,DdGNe38SGgHnVboiLRNl0nllg1c=,uz4hGp+JRNW5Xg2pY1OQe6OOPmI=
13,33,DdGNe38SGgHnVboiLRNl0nllg1c=,uz4hGp+JRNW5Xg2pY1OQe6OOPmI=
8,34,DdGNe38SGgHnVboiLRNl0nllg1c=,uz4hGp+JRNW5Xg2pY1OQe6OOPmI=
8,39,DdGNe38SGgHnVboiLRNl0nllg1c=,uz4hGp+JRNW5Xg2pY1OQe6OOPmI=
9,33,DdGNe38SGgHnVboiLRNl0nllg1c=,uz4hGp+JRNW5Xg2pY1OQe6OOPmI=
6,39,DdGNe38SGgHnVboiLRNl0nllg1c=,uz4hGp+JRNW5Xg2pY1OQe6OOPmI=
9,32,DdGNe38SGgHnVboiLRNl0nllg1c=,uz4hGp+JRNW5Xg2pY1OQe6OOPmI=
5,39,DdGNe38SGgHnVboiLRNl0nllg1c=,uz4hGp+JRNW5Xg2pY1OQe6OOPmI=
13,39,DdGNe38SGgHnVboiLRNl0nllg1c=,uz4hGp+JRNW5Xg2pY1OQe6OOPmI=
10,37,DdGNe38SGgHnVboiLRNl0nllg1c=,uz4hGp+JRNW5Xg2pY1OQe6OOPmI=
4,35,DdGNe38SGgHnVboiLRNl0nllg1c=,uz4hGp+JRNW5Xg2pY1OQe6OOPmI=
10,40,DdGNe38SGgHnVboiLRNl0nllg1c=,uz4hGp+JRNW5Xg2pY1OQe6OOPmI=
7,39,DdGNe38SGgHnVboiLRNl0nllg1c=,uz4hGp+JRNW5Xg2pY1OQe6OOPmI=
0,32,DdGNe38SGgHnVboiLRNl0nllg1c=,uz4hGp+JRNW5Xg2pY1OQe6OOPmI=
5,33,DdGNe38SGgHnVboiLRNl0nllg1c=,uz4hGp+JRNW5Xg2pY1OQe6OOPmI=
3,39,DdGNe38SGgHnVboiLRNl0nllg1c=,uz4hGp+JRNW5Xg2pY1OQe6OOPmI=
4,33,DdGNe38SGgHnVboiLRNl0nllg1c=,uz4hGp+JRNW5Xg2pY1OQe6OOPmI=
2,39,DdGNe38SGgHnVboiLRNl0nllg1c=,uz4hGp+JRNW5Xg2pY1OQe6OOPmI=
10,34,DdGNe38SGgHnVboiLRNl0nllg1c=,uz4hGp+JRNW5Xg2pY1OQe6OOPmI=
12,40,DdGNe38SGgHnVboiLRNl0nllg1c=,uz4hGp+JRNW5Xg2pY1OQe6OOPmI=
1,32,DdGNe38SGgHnVboiLRNl0nllg1c=,uz4hGp+JRNW5Xg2pY1OQe6OOPmI=
4,34,DdGNe38SGgHnVboiLRNl0nllg1c=,uz4hGp+JRNW5Xg2pY1OQe6OOPmI=
11,37,DdGNe38SGgHnVboiLRNl0nllg1c=,uz4hGp+JRNW5Xg2pY1OQe6OOPmI=
4,39,DdGNe38SGgHnVboiLRNl0nllg1c=,uz4hGp+JRNW5Xg2pY1OQe6OOPmI=
12,34,DdGNe38SGgHnVboiLRNl0nllg1c=,uz4hGp+JRNW5Xg2pY1OQe6OOPmI=
11,34,DdGNe38SGgHnVboiLRNl0nllg1c=,uz4hGp+JRNW5Xg2pY1OQe6OOPmI=
0,39,DdGNe38SGgHnVboiLRNl0nllg1c=,uz4hGp+JRNW5Xg2pY1OQe6OOPmI=
1,39,DdGNe38SGgHnVboiLRNl0nllg1c=,uz4hGp+JRNW5Xg2pY1OQe6OOPmI=
12,32,DdGNe38SGgHnVboiLRNl0nllg1c=,uz4hGp+JRNW5Xg2pY1OQe6OOPmI=
9,34,DdGNe38SGgHnVboiLRNl0nllg1c=,uz4hGp+JRNW5Xg2pY1OQe6OOPmI=
4,36,DdGNe38SGgHnVboiLRNl0nllg1c=,uz4hGp+JRNW5Xg2pY1OQe6OOPmI=
14,38,DdGNe38SGgHnVboiLRNl0nllg1c=,uz4hGp+JRNW5Xg2pY1OQe6OOPmI=
9,38,DdGNe38SGgHnVboiLRNl0nllg1c=,uz4hGp+JRNW5Xg2pY1OQe6OOPmI=
8,38,DdGNe38SGgHnVboiLRNl0nllg1c=,uz4hGp+JRNW5Xg2pY1OQe6OOPmI=
15,38,DdGNe38SGgHnVboiLRNl0nllg1c=,uz4hGp+JRNW5Xg2pY1OQe6OOPmI=
13,38,DdGNe38SGgHnVboiLRNl0nllg1c=,uz4hGp+JRNW5Xg2pY1OQe6OOPmI=
3,36,DdGNe38SGgHnVboiLRNl0nllg1c=,uz4hGp+JRNW5Xg2pY1OQe6OOPmI=
7,32,DdGNe38SGgHnVboiLRNl0nllg1c=,uz4hGp+JRNW5Xg2pY1OQe6OOPmI=
10,38,DdGNe38SGgHnVboiLRNl0nllg1c=,uz4hGp+JRNW5Xg2pY1OQe6OOPmI=
8,32,DdGNe38SGgHnVboiLRNl0nllg1c=,uz4hGp+JRNW5Xg2pY1OQe6OOPmI=
7,38,DdGNe38SGgHnVboiLRNl0nllg1c=,uz4hGp+JRNW5Xg2pY1OQe6OOPmI=
11,38,DdGNe38SGgHnVboiLRNl0nllg1c=,uz4hGp+JRNW5Xg2pY1OQe6OOPmI=
5,38,DdGNe38SGgHnVboiLRNl0nllg1c=,uz4hGp+JRNW5Xg2pY1OQe6OOPmI=
3,38,DdGNe38SGgHnVboiLRNl0nllg1c=,uz4hGp+JRNW5Xg2pY1OQe6OOPmI=
6,38,DdGNe38SGgHnVboiLRNl0nllg1c=,uz4hGp+JRNW5Xg2pY1OQe6OOPmI=
2,36,DdGNe38SGgHnVboiLRNl0nllg1c=,uz4hGp+JRNW5Xg2pY1OQe6OOPmI=
8,33,DdGNe38SGgHnVboiLRNl0nllg1c=,uz4hGp+JRNW5Xg2pY1OQe6OOPmI=
15,34,DdGNe38SGgHnVboiLRNl0nllg1c=,uz4hGp+JRNW5Xg2pY1OQe6OOPmI=
4,38,DdGNe38SGgHnVboiLRNl0nllg1c=,uz4hGp+JRNW5Xg2pY1OQe6OOPmI=
1,38,DdGNe38SGgHnVboiLRNl0nllg1c=,uz4hGp+JRNW5Xg2pY1OQe6OOPmI=
12,38,DdGNe38SGgHnVboiLRNl0nllg1c=,uz4hGp+JRNW5Xg2pY1OQe6OOPmI=
12,37,DdGNe38SGgHnVboiLRNl0nllg1c=,uz4hGp+JRNW5Xg2pY1OQe6OOPmI=
7,33,DdGNe38SGgHnVboiLRNl0nllg1c=,uz4hGp+JRNW5Xg2pY1OQe6OOPmI=
0,38,DdGNe38SGgHnVboiLRNl0nllg1c=,uz4hGp+JRNW5Xg2pY1OQe6OOPmI=
2,38,DdGNe38SGgHnVboiLRNl0nllg1c=,uz4hGp+JRNW5Xg2pY1OQe6OOPmI=
15,37,DdGNe38SGgHnVboiLRNl0nllg1c=,uz4hGp+JRNW5Xg2pY1OQe6OOPmI=
0,37,DdGNe38SGgHnVboiLRNl0nllg1c=,uz4hGp+JRNW5Xg2pY1OQe6OOPmI=
13,37,DdGNe38SGgHnVboiLRNl0nllg1c=,uz4hGp+JRNW5Xg2pY1OQe6OOPmI=
1,36,DdGNe38SGgHnVboiLRNl0nllg1c=,uz4hGp+JRNW5Xg2pY1OQe6OOPmI=
13,32,DdGNe38SGgHnVboiLRNl0nllg1c=,uz4hGp+JRNW5Xg2pY1OQe6OOPmI=
0,36,DdGNe38SGgHnVboiLRNl0nllg1c=,uz4hGp+JRNW5Xg2pY1OQe6OOPmI=
12,35,DdGNe38SGgHnVboiLRNl0nllg1c=,uz4hGp+JRNW5Xg2pY1OQe6OOPmI=
0,35,DdGNe38SGgHnVboiLRNl0nllg1c=,uz4hGp+JRNW5Xg2pY1OQe6OOPmI=
14,37,DdGNe38SGgHnVboiLRNl0nllg1c=,uz4hGp+JRNW5Xg2pY1OQe6OOPmI=
7,34,DdGNe38SGgHnVboiLRNl0nllg1c=,uz4hGp+JRNW5Xg2pY1OQe6OOPmI=
9,35,DdGNe38SGgHnVboiLRNl0nllg1c=,uz4hGp+JRNW5Xg2pY1OQe6OOPmI=
13,35,DdGNe38SGgHnVboiLRNl0nllg1c=,uz4hGp+JRNW5Xg2pY1OQe6OOPmI=
15,35,DdGNe38SGgHnVboiLRNl0nllg1c=,uz4hGp+JRNW5Xg2pY1OQe6OOPmI=
7,36,DdGNe38SGgHnVboiLRNl0nllg1c=,uz4hGp+JRNW5Xg2pY1OQe6OOPmI=
10,35,DdGNe38SGgHnVboiLRNl0nllg1c=,uz4hGp+JRNW5Xg2pY1OQe6OOPmI=
7,35,DdGNe38SGgHnVboiLRNl0nllg1c=,uz4hGp+JRNW5Xg2pY1OQe6OOPmI=
14,35,DdGNe38SGgHnVboiLRNl0nllg1c=,uz4hGp+JRNW5Xg2pY1OQe6OOPmI=
4,32,DdGNe38SGgHnVboiLRNl0nllg1c=,uz4hGp+JRNW5Xg2pY1OQe6OOPmI=
8,35,DdGNe38SGgHnVboiLRNl0nllg1c=,uz4hGp+JRNW5Xg2pY1OQe6OOPmI=
3,33,DdGNe38SGgHnVboiLRNl0nllg1c=,uz4hGp+JRNW5Xg2pY1OQe6OOPmI=
15,36,DdGNe38SGgHnVboiLRNl0nllg1c=,uz4hGp+JRNW5Xg2pY1OQe6OOPmI=
8,36,DdGNe38SGgHnVboiLRNl0nllg1c=,uz4hGp+JRNW5Xg2pY1OQe6OOPmI=
11,35,DdGNe38SGgHnVboiLRNl0nllg1c=,uz4hGp+JRNW5Xg2pY1OQe6OOPmI=
2,34,DdGNe38SGgHnVboiLRNl0nllg1c=,uz4hGp+JRNW5Xg2pY1OQe6OOPmI=
1,34,DdGNe38SGgHnVboiLRNl0nllg1c=,uz4hGp+JRNW5Xg2pY1OQe6OOPmI=
3,34,DdGNe38SGgHnVboiLRNl0nllg1c=,uz4hGp+JRNW5Xg2pY1OQe6OOPmI=
2,33,DdGNe38SGgHnVboiLRNl0nllg1c=,uz4hGp+JRNW5Xg2pY1OQe6OOPmI=
1,33,DdGNe38SGgHnVboiLRNl0nllg1c=,uz4hGp+JRNW5Xg2pY1OQe6OOPmI=
9,36,DdGNe38SGgHnVboiLRNl0nllg1c=,uz4hGp+JRNW5Xg2pY1OQe6OOPmI=
0,33,DdGNe38SGgHnVboiLRNl0nllg1c=,uz4hGp+JRNW5Xg2pY1OQe6OOPmI=
0,34,DdGNe38SGgHnVboiLRNl0nllg1c=,uz4hGp+JRNW5Xg2pY1OQe6OOPmI=
3,35,DdGNe38SGgHnVboiLRNl0nllg1c=,uz4hGp+JRNW5Xg2pY1OQe6OOPmI=
10,36,DdGNe38SGgHnVboiLRNl0nllg1c=,uz4hGp+JRNW5Xg2pY1OQe6OOPmI=
12,36,DdGNe38SGgHnVboiLRNl0nllg1c=,uz4hGp+JRNW5Xg2pY1OQe6OOPmI=
2,35,DdGNe38SGgHnVboiLRNl0nllg1c=,uz4hGp+JRNW5Xg2pY1OQe6OOPmI=
1,35,DdGNe38SGgHnVboiLRNl0nllg1c=,uz4hGp+JRNW5Xg2pY1OQe6OOPmI=
14,33,DdGNe38SGgHnVboiLRNl0nllg1c=,uz4hGp+JRNW5Xg2pY1OQe6OOPmI=
13,36,DdGNe38SGgHnVboiLRNl0nllg1c=,uz4hGp+JRNW5Xg2pY1OQe6OOPmI=
11,36,DdGNe38SGgHnVboiLRNl0nllg1c=,uz4hGp+JRNW5Xg2pY1OQe6OOPmI=
2,32,DdGNe38SGgHnVboiLRNl0nllg1c=,uz4hGp+JRNW5Xg2pY1OQe6OOPmI=
15,32,DdGNe38SGgHnVboiLRNl0nllg1c=,uz4hGp+JRNW5Xg2pY1OQe6OOPmI=
15,33,DdGNe38SGgHnVboiLRNl0nllg1c=,uz4hGp+JRNW5Xg2pY1OQe6OOPmI=
14,32,DdGNe38SGgHnVboiLRNl0nllg1c=,uz4hGp+JRNW5Xg2pY1OQe6OOPmI=
14,36,DdGNe38SGgHnVboiLRNl0nllg1c=,uz4hGp+JRNW5Xg2pY1OQe6OOPmI=
16,40,r/bty6l5Wwf6PG+p9O5m4vgD8g0=,VcJlRsbvMpDTlTpNgJ4BJ8Qq0SE=
17,39,r/bty6l5Wwf6PG+p9O5m4vgD8g0=,VcJlRsbvMpDTlTpNgJ4BJ8Qq0SE=
16,39,r/bty6l5Wwf6PG+p9O5m4vgD8g0=,VcJlRsbvMpDTlTpNgJ4BJ8Qq0SE=
17,38,r/bty6l5Wwf6PG+p9O5m4vgD8g0=,VcJlRsbvMpDTlTpNgJ4BJ8Qq0SE=
18,39,r/bty6l5Wwf6PG+p9O5m4vgD8g0=,VcJlRsbvMpDTlTpNgJ4BJ8Qq0SE=
16,37,r/bty6l5Wwf6PG+p9O5m4vgD8g0=,VcJlRsbvMpDTlTpNgJ4BJ8Qq0SE=
18,34,r/bty6l5Wwf6PG+p9O5m4vgD8g0=,VcJlRsbvMpDTlTpNgJ4BJ8Qq0SE=
18,32,r/bty6l5Wwf6PG+p9O5m4vgD8g0=,VcJlRsbvMpDTlTpNgJ4BJ8Qq0SE=
16,32,r/bty6l5Wwf6PG+p9O5m4vgD8g0=,VcJlRsbvMpDTlTpNgJ4BJ8Qq0SE=
17,32,r/bty6l5Wwf6PG+p9O5m4vgD8g0=,VcJlRsbvMpDTlTpNgJ4BJ8Qq0SE=
17,37,r/bty6l5Wwf6PG+p9O5m4vgD8g0=,VcJlRsbvMpDTlTpNgJ4BJ8Qq0SE=
16,36,r/bty6l5Wwf6PG+p9O5m4vgD8g0=,VcJlRsbvMpDTlTpNgJ4BJ8Qq0SE=
17,36,r/bty6l5Wwf6PG+p9O5m4vgD8g0=,VcJlRsbvMpDTlTpNgJ4BJ8Qq0SE=
18,38,r/bty6l5Wwf6PG+p9O5m4vgD8g0=,VcJlRsbvMpDTlTpNgJ4BJ8Qq0SE=
18,35,r/bty6l5Wwf6PG+p9O5m4vgD8g0=,VcJlRsbvMpDTlTpNgJ4BJ8Qq0SE=
18,40,r/bty6l5Wwf6PG+p9O5m4vgD8g0=,VcJlRsbvMpDTlTpNgJ4BJ8Qq0SE=
16,33,r/bty6l5Wwf6PG+p9O5m4vgD8g0=,VcJlRsbvMpDTlTpNgJ4BJ8Qq0SE=
17,40,r/bty6l5Wwf6PG+p9O5m4vgD8g0=,VcJlRsbvMpDTlTpNgJ4BJ8Qq0SE=
16,34,r/bty6l5Wwf6PG+p9O5m4vgD8g0=,VcJlRsbvMpDTlTpNgJ4BJ8Qq0SE=
17,33,r/bty6l5Wwf6PG+p9O5m4vgD8g0=,VcJlRsbvMpDTlTpNgJ4BJ8Qq0SE=
18,33,r/bty6l5Wwf6PG+p9O5m4vgD8g0=,VcJlRsbvMpDTlTpNgJ4BJ8Qq0SE=
16,38,r/bty6l5Wwf6PG+p9O5m4vgD8g0=,VcJlRsbvMpDTlTpNgJ4BJ8Qq0SE=
18,37,r/bty6l5Wwf6PG+p9O5m4vgD8g0=,VcJlRsbvMpDTlTpNgJ4BJ8Qq0SE=
18,36,r/bty6l5Wwf6PG+p9O5m4vgD8g0=,VcJlRsbvMpDTlTpNgJ4BJ8Qq0SE=
16,35,r/bty6l5Wwf6PG+p9O5m4vgD8g0=,VcJlRsbvMpDTlTpNgJ4BJ8Qq0SE=
17,34,r/bty6l5Wwf6PG+p9O5m4vgD8g0=,VcJlRsbvMpDTlTpNgJ4BJ8Qq0SE=
17,35,r/bty6l5Wwf6PG+p9O5m4vgD8g0=,VcJlRsbvMpDTlTpNgJ4BJ8Qq0SE=
